county,state,state_abbreviation,fips,urban_rural,population,covid_19_deaths,data_as_of,period_start,period_end
Autauga County,Alabama,AL,01001,Medium metro,59095,194,06/28/2023,01/01/2020,06/24/2023
Baldwin County,Alabama,AL,01003,Small metro,239294,649,06/28/2023,01/01/2020,06/24/2023
Barbour County,Alabama,AL,01005,Noncore,24964,80,06/28/2023,01/01/2020,06/24/2023
Bibb County,Alabama,AL,01007,Large fringe metro,22477,47,06/28/2023,01/01/2020,06/24/2023
Blount County,Alabama,AL,01009,Large fringe metro,59041,102,06/28/2023,01/01/2020,06/24/2023
Bullock County,Alabama,AL,01011,Noncore,10320,10,06/28/2023,01/01/2020,06/24/2023
Butler County,Alabama,AL,01013,Noncore,18884,83,06/28/2023,01/01/2020,06/24/2023
Calhoun County,Alabama,AL,01015,Small metro,115972,663,06/28/2023,01/01/2020,06/24/2023
Chambers County,Alabama,AL,01017,Micropolitan,34541,59,06/28/2023,01/01/2020,06/24/2023
Cherokee County,Alabama,AL,01019,Noncore,24996,49,06/28/2023,01/01/2020,06/24/2023
Chilton County,Alabama,AL,01021,Large fringe metro,45274,77,06/28/2023,01/01/2020,06/24/2023
Choctaw County,Alabama,AL,01023,Noncore,12533,28,06/28/2023,01/01/2020,06/24/2023
Clarke County,Alabama,AL,01025,Noncore,22760,38,06/28/2023,01/01/2020,06/24/2023
Clay County,Alabama,AL,01027,Noncore,14190,56,06/28/2023,01/01/2020,06/24/2023
Cleburne County,Alabama,AL,01029,Noncore,15103,28,06/28/2023,01/01/2020,06/24/2023
Coffee County,Alabama,AL,01031,Micropolitan,54174,201,06/28/2023,01/01/2020,06/24/2023
Colbert County,Alabama,AL,01033,Small metro,57474,346,06/28/2023,01/01/2020,06/24/2023
Conecuh County,Alabama,AL,01035,Noncore,11328,41,06/28/2023,01/01/2020,06/24/2023
Coosa County,Alabama,AL,01037,Micropolitan,10450,11,06/28/2023,01/01/2020,06/24/2023
Covington County,Alabama,AL,01039,Noncore,37524,261,06/28/2023,01/01/2020,06/24/2023
Crenshaw County,Alabama,AL,01041,Noncore,13083,62,06/28/2023,01/01/2020,06/24/2023
Cullman County,Alabama,AL,01043,Micropolitan,89496,415,06/28/2023,01/01/2020,06/24/2023
Dale County,Alabama,AL,01045,Micropolitan,49342,144,06/28/2023,01/01/2020,06/24/2023
Dallas County,Alabama,AL,01047,Micropolitan,37619,210,06/28/2023,01/01/2020,06/24/2023
DeKalb County,Alabama,AL,01049,Noncore,71813,208,06/28/2023,01/01/2020,06/24/2023
Elmore County,Alabama,AL,01051,Medium metro,89304,97,06/28/2023,01/01/2020,06/24/2023
Escambia County,Alabama,AL,01053,Noncore,36699,167,06/28/2023,01/01/2020,06/24/2023
Etowah County,Alabama,AL,01055,Small metro,103162,763,06/28/2023,01/01/2020,06/24/2023
Fayette County,Alabama,AL,01057,Noncore,16148,46,06/28/2023,01/01/2020,06/24/2023
Franklin County,Alabama,AL,01059,Noncore,32013,72,06/28/2023,01/01/2020,06/24/2023
Geneva County,Alabama,AL,01061,Small metro,26701,102,06/28/2023,01/01/2020,06/24/2023
Greene County,Alabama,AL,01063,Noncore,7629,,06/28/2023,01/01/2020,06/24/2023
Hale County,Alabama,AL,01065,Small metro,14754,31,06/28/2023,01/01/2020,06/24/2023
Henry County,Alabama,AL,01067,Small metro,17459,11,06/28/2023,01/01/2020,06/24/2023
Houston County,Alabama,AL,01069,Small metro,107458,1071,06/28/2023,01/01/2020,06/24/2023
Jackson County,Alabama,AL,01071,Micropolitan,52773,163,06/28/2023,01/01/2020,06/24/2023
Jefferson County,Alabama,AL,01073,Large central metro,667820,3966,06/28/2023,01/01/2020,06/24/2023
Lamar County,Alabama,AL,01075,Noncore,13689,24,06/28/2023,01/01/2020,06/24/2023
Lauderdale County,Alabama,AL,01077,Small metro,94043,514,06/28/2023,01/01/2020,06/24/2023
Lawrence County,Alabama,AL,01079,Small metro,33090,82,06/28/2023,01/01/2020,06/24/2023
Lee County,Alabama,AL,01081,Small metro,177218,586,06/28/2023,01/01/2020,06/24/2023
Limestone County,Alabama,AL,01083,Medium metro,107517,259,06/28/2023,01/01/2020,06/24/2023
Lowndes County,Alabama,AL,01085,Medium metro,9965,14,06/28/2023,01/01/2020,06/24/2023
Macon County,Alabama,AL,01087,Noncore,18895,18,06/28/2023,01/01/2020,06/24/2023
Madison County,Alabama,AL,01089,Medium metro,395211,1523,06/28/2023,01/01/2020,06/24/2023
Marengo County,Alabama,AL,01091,Noncore,18996,126,06/28/2023,01/01/2020,06/24/2023
Marion County,Alabama,AL,01093,Noncore,29246,128,06/28/2023,01/01/2020,06/24/2023
Marshall County,Alabama,AL,01095,Micropolitan,98228,397,06/28/2023,01/01/2020,06/24/2023
Mobile County,Alabama,AL,01097,Medium metro,413073,2028,06/28/2023,01/01/2020,06/24/2023
Monroe County,Alabama,AL,01099,Noncore,19648,69,06/28/2023,01/01/2020,06/24/2023
Montgomery County,Alabama,AL,01101,Medium metro,227434,1565,06/28/2023,01/01/2020,06/24/2023
Morgan County,Alabama,AL,01103,Small metro,123668,474,06/28/2023,01/01/2020,06/24/2023
Perry County,Alabama,AL,01105,Noncore,8355,17,06/28/2023,01/01/2020,06/24/2023
Pickens County,Alabama,AL,01107,Small metro,18801,71,06/28/2023,01/01/2020,06/24/2023
Pike County,Alabama,AL,01109,Micropolitan,32991,112,06/28/2023,01/01/2020,06/24/2023
Randolph County,Alabama,AL,01111,Noncore,21989,27,06/28/2023,01/01/2020,06/24/2023
Russell County,Alabama,AL,01113,Medium metro,58722,114,06/28/2023,01/01/2020,06/24/2023
Shelby County,Alabama,AL,01117,Large fringe metro,226902,338,06/28/2023,01/01/2020,06/24/2023
St. Clair County,Alabama,AL,01115,Large fringe metro,92748,185,06/28/2023,01/01/2020,06/24/2023
Sumter County,Alabama,AL,01119,Noncore,12164,19,06/28/2023,01/01/2020,06/24/2023
Talladega County,Alabama,AL,01121,Micropolitan,81524,297,06/28/2023,01/01/2020,06/24/2023
Tallapoosa County,Alabama,AL,01123,Noncore,41023,180,06/28/2023,01/01/2020,06/24/2023
Tuscaloosa County,Alabama,AL,01125,Small metro,227007,1106,06/28/2023,01/01/2020,06/24/2023
Walker County,Alabama,AL,01127,Large fringe metro,64818,369,06/28/2023,01/01/2020,06/24/2023
Washington County,Alabama,AL,01129,Noncore,15147,22,06/28/2023,01/01/2020,06/24/2023
Wilcox County,Alabama,AL,01131,Noncore,10446,14,06/28/2023,01/01/2020,06/24/2023
Winston County,Alabama,AL,01133,Noncore,23652,70,06/28/2023,01/01/2020,06/24/2023
Aleutians East Borough,Alaska,AK,02013,Noncore,3398,,06/28/2023,01/01/2020,06/24/2023
Anchorage Municipality,Alaska,AK,02020,Medium metro,288121,775,06/28/2023,01/01/2020,06/24/2023
Bethel Census Area,Alaska,AK,02050,Noncore,18557,40,06/28/2023,01/01/2020,06/24/2023
Denali Borough,Alaska,AK,02068,Noncore,1593,,06/28/2023,01/01/2020,06/24/2023
Dillingham Census Area,Alaska,AK,02070,Noncore,4772,,06/28/2023,01/01/2020,06/24/2023
Fairbanks North Star Borough,Alaska,AK,02090,Small metro,95593,206,06/28/2023,01/01/2020,06/24/2023
Hoonah-Angoon Census Area,Alaska,AK,02105,Noncore,2332,,06/28/2023,01/01/2020,06/24/2023
Juneau City and Borough,Alaska,AK,02110,Micropolitan,31973,18,06/28/2023,01/01/2020,06/24/2023
Kenai Peninsula Borough,Alaska,AK,02122,Noncore,59767,91,06/28/2023,01/01/2020,06/24/2023
Ketchikan Gateway Borough,Alaska,AK,02130,Micropolitan,13754,17,06/28/2023,01/01/2020,06/24/2023
Kodiak Island Borough,Alaska,AK,02150,Noncore,12787,,06/28/2023,01/01/2020,06/24/2023
Matanuska-Susitna Borough,Alaska,AK,02170,Medium metro,110686,241,06/28/2023,01/01/2020,06/24/2023
Nome Census Area,Alaska,AK,02180,Noncore,9865,,06/28/2023,01/01/2020,06/24/2023
North Slope Borough,Alaska,AK,02185,Noncore,10972,,06/28/2023,01/01/2020,06/24/2023
Northwest Arctic Borough,Alaska,AK,02188,Noncore,7560,10,06/28/2023,01/01/2020,06/24/2023
Petersburg Census Area,Alaska,AK,02195,Noncore,3356,,06/28/2023,01/01/2020,06/24/2023
Prince of Wales-Hyder Census Area,Alaska,AK,02198,Noncore,5729,,06/28/2023,01/01/2020,06/24/2023
Sitka City and Borough,Alaska,AK,02220,Noncore,8407,10,06/28/2023,01/01/2020,06/24/2023
Skagway Municipality,Alaska,AK,02230,Noncore,1132,,06/28/2023,01/01/2020,06/24/2023
Southeast Fairbanks Census Area,Alaska,AK,02240,Noncore,6970,,06/28/2023,01/01/2020,06/24/2023
Valdez-Cordova Census Area,Alaska,AK,02261,Noncore,9571,,06/28/2023,01/01/2020,06/24/2023
Wade Hampton Census Area,Alaska,AK,02270,Noncore,8360,,06/28/2023,01/01/2020,06/24/2023
Wrangell City and Borough,Alaska,AK,02275,Noncore,2055,,06/28/2023,01/01/2020,06/24/2023
Yukon-Koyukuk Census Area,Alaska,AK,02290,Noncore,5275,,06/28/2023,01/01/2020,06/24/2023
Apache County,Arizona,AZ,04001,Noncore,65623,173,06/28/2023,01/01/2020,06/24/2023
Cochise County,Arizona,AZ,04003,Small metro,126050,289,06/28/2023,01/01/2020,06/24/2023
Coconino County,Arizona,AZ,04005,Small metro,145052,503,06/28/2023,01/01/2020,06/24/2023
Gila County,Arizona,AZ,04007,Micropolitan,53589,257,06/28/2023,01/01/2020,06/24/2023
Graham County,Arizona,AZ,04009,Micropolitan,39050,120,06/28/2023,01/01/2020,06/24/2023
Greenlee County,Arizona,AZ,04011,Noncore,9404,,06/28/2023,01/01/2020,06/24/2023
La Paz County,Arizona,AZ,04012,Noncore,16408,50,06/28/2023,01/01/2020,06/24/2023
Maricopa County,Arizona,AZ,04013,Large central metro,4496588,18975,06/28/2023,01/01/2020,06/24/2023
Mohave County,Arizona,AZ,04015,Small metro,217692,1355,06/28/2023,01/01/2020,06/24/2023
Navajo County,Arizona,AZ,04017,Micropolitan,108147,434,06/28/2023,01/01/2020,06/24/2023
Pima County,Arizona,AZ,04019,Medium metro,1052030,4846,06/28/2023,01/01/2020,06/24/2023
Pinal County,Arizona,AZ,04021,Large fringe metro,449557,758,06/28/2023,01/01/2020,06/24/2023
Santa Cruz County,Arizona,AZ,04023,Micropolitan,47883,37,06/28/2023,01/01/2020,06/24/2023
Yavapai County,Arizona,AZ,04025,Small metro,242253,1127,06/28/2023,01/01/2020,06/24/2023
Yuma County,Arizona,AZ,04027,Small metro,206990,1176,06/28/2023,01/01/2020,06/24/2023
Arkansas County,Arkansas,AR,05001,Noncore,16722,33,06/28/2023,01/01/2020,06/24/2023
Ashley County,Arkansas,AR,05003,Noncore,18674,28,06/28/2023,01/01/2020,06/24/2023
Baxter County,Arkansas,AR,05005,Micropolitan,42144,379,06/28/2023,01/01/2020,06/24/2023
Benton County,Arkansas,AR,05007,Medium metro,293692,1083,06/28/2023,01/01/2020,06/24/2023
Boone County,Arkansas,AR,05009,Micropolitan,37830,166,06/28/2023,01/01/2020,06/24/2023
Bradley County,Arkansas,AR,05011,Noncore,10408,32,06/28/2023,01/01/2020,06/24/2023
Calhoun County,Arkansas,AR,05013,Micropolitan,4741,,06/28/2023,01/01/2020,06/24/2023
Carroll County,Arkansas,AR,05015,Noncore,28435,34,06/28/2023,01/01/2020,06/24/2023
Chicot County,Arkansas,AR,05017,Noncore,10019,31,06/28/2023,01/01/2020,06/24/2023
Clark County,Arkansas,AR,05019,Micropolitan,21321,40,06/28/2023,01/01/2020,06/24/2023
Clay County,Arkansas,AR,05021,Noncore,14350,52,06/28/2023,01/01/2020,06/24/2023
Cleburne County,Arkansas,AR,05023,Noncore,25015,64,06/28/2023,01/01/2020,06/24/2023
Cleveland County,Arkansas,AR,05025,Small metro,7514,15,06/28/2023,01/01/2020,06/24/2023
Columbia County,Arkansas,AR,05027,Micropolitan,22672,94,06/28/2023,01/01/2020,06/24/2023
Conway County,Arkansas,AR,05029,Noncore,20873,18,06/28/2023,01/01/2020,06/24/2023
Craighead County,Arkansas,AR,05031,Small metro,112218,1150,06/28/2023,01/01/2020,06/24/2023
Crawford County,Arkansas,AR,05033,Medium metro,60378,92,06/28/2023,01/01/2020,06/24/2023
Crittenden County,Arkansas,AR,05035,Large fringe metro,47525,69,06/28/2023,01/01/2020,06/24/2023
Cross County,Arkansas,AR,05037,Noncore,16681,48,06/28/2023,01/01/2020,06/24/2023
Dallas County,Arkansas,AR,05039,Noncore,6308,30,06/28/2023,01/01/2020,06/24/2023
Desha County,Arkansas,AR,05041,Noncore,11090,19,06/28/2023,01/01/2020,06/24/2023
Drew County,Arkansas,AR,05043,Noncore,17110,36,06/28/2023,01/01/2020,06/24/2023
Faulkner County,Arkansas,AR,05045,Medium metro,125106,491,06/28/2023,01/01/2020,06/24/2023
Franklin County,Arkansas,AR,05047,Noncore,17173,35,06/28/2023,01/01/2020,06/24/2023
Fulton County,Arkansas,AR,05049,Noncore,12145,60,06/28/2023,01/01/2020,06/24/2023
Garland County,Arkansas,AR,05051,Small metro,100330,779,06/28/2023,01/01/2020,06/24/2023
Grant County,Arkansas,AR,05053,Medium metro,18090,19,06/28/2023,01/01/2020,06/24/2023
Greene County,Arkansas,AR,05055,Micropolitan,46317,96,06/28/2023,01/01/2020,06/24/2023
Hempstead County,Arkansas,AR,05057,Noncore,19694,49,06/28/2023,01/01/2020,06/24/2023
Hot Spring County,Arkansas,AR,05059,Micropolitan,33148,41,06/28/2023,01/01/2020,06/24/2023
Howard County,Arkansas,AR,05061,Noncore,12698,42,06/28/2023,01/01/2020,06/24/2023
Independence County,Arkansas,AR,05063,Micropolitan,37723,335,06/28/2023,01/01/2020,06/24/2023
Izard County,Arkansas,AR,05065,Noncore,13911,32,06/28/2023,01/01/2020,06/24/2023
Jackson County,Arkansas,AR,05067,Noncore,16811,27,06/28/2023,01/01/2020,06/24/2023
Jefferson County,Arkansas,AR,05069,Small metro,65861,305,06/28/2023,01/01/2020,06/24/2023
Johnson County,Arkansas,AR,05071,Noncore,25845,59,06/28/2023,01/01/2020,06/24/2023
Lafayette County,Arkansas,AR,05073,Noncore,6163,,06/28/2023,01/01/2020,06/24/2023
Lawrence County,Arkansas,AR,05075,Noncore,16292,31,06/28/2023,01/01/2020,06/24/2023
Lee County,Arkansas,AR,05077,Noncore,8619,17,06/28/2023,01/01/2020,06/24/2023
Lincoln County,Arkansas,AR,05079,Small metro,13037,17,06/28/2023,01/01/2020,06/24/2023
Little River County,Arkansas,AR,05081,Small metro,11944,49,06/28/2023,01/01/2020,06/24/2023
Logan County,Arkansas,AR,05083,Noncore,21215,45,06/28/2023,01/01/2020,06/24/2023
Lonoke County,Arkansas,AR,05085,Medium metro,74722,64,06/28/2023,01/01/2020,06/24/2023
Madison County,Arkansas,AR,05087,Medium metro,16960,13,06/28/2023,01/01/2020,06/24/2023
Marion County,Arkansas,AR,05089,Noncore,16978,36,06/28/2023,01/01/2020,06/24/2023
Miller County,Arkansas,AR,05091,Small metro,42649,49,06/28/2023,01/01/2020,06/24/2023
Mississippi County,Arkansas,AR,05093,Micropolitan,39661,78,06/28/2023,01/01/2020,06/24/2023
Monroe County,Arkansas,AR,05095,Noncore,6683,,06/28/2023,01/01/2020,06/24/2023
Montgomery County,Arkansas,AR,05097,Noncore,8611,23,06/28/2023,01/01/2020,06/24/2023
Nevada County,Arkansas,AR,05099,Noncore,8187,16,06/28/2023,01/01/2020,06/24/2023
Newton County,Arkansas,AR,05101,Micropolitan,7204,24,06/28/2023,01/01/2020,06/24/2023
Ouachita County,Arkansas,AR,05103,Micropolitan,22306,94,06/28/2023,01/01/2020,06/24/2023
Perry County,Arkansas,AR,05105,Medium metro,9964,,06/28/2023,01/01/2020,06/24/2023
Phillips County,Arkansas,AR,05107,Micropolitan,15906,44,06/28/2023,01/01/2020,06/24/2023
Pike County,Arkansas,AR,05109,Noncore,10066,14,06/28/2023,01/01/2020,06/24/2023
Poinsett County,Arkansas,AR,05111,Small metro,22660,19,06/28/2023,01/01/2020,06/24/2023
Polk County,Arkansas,AR,05113,Noncore,19353,114,06/28/2023,01/01/2020,06/24/2023
Pope County,Arkansas,AR,05115,Micropolitan,63789,160,06/28/2023,01/01/2020,06/24/2023
Prairie County,Arkansas,AR,05117,Noncore,8135,10,06/28/2023,01/01/2020,06/24/2023
Pulaski County,Arkansas,AR,05119,Medium metro,397821,2559,06/28/2023,01/01/2020,06/24/2023
Randolph County,Arkansas,AR,05121,Noncore,18865,44,06/28/2023,01/01/2020,06/24/2023
Saline County,Arkansas,AR,05125,Medium metro,125233,270,06/28/2023,01/01/2020,06/24/2023
Scott County,Arkansas,AR,05127,Noncore,9822,27,06/28/2023,01/01/2020,06/24/2023
Searcy County,Arkansas,AR,05129,Noncore,7880,21,06/28/2023,01/01/2020,06/24/2023
Sebastian County,Arkansas,AR,05131,Medium metro,128400,1115,06/28/2023,01/01/2020,06/24/2023
Sevier County,Arkansas,AR,05133,Noncore,15783,13,06/28/2023,01/01/2020,06/24/2023
Sharp County,Arkansas,AR,05135,Noncore,17622,29,06/28/2023,01/01/2020,06/24/2023
St. Francis County,Arkansas,AR,05123,Micropolitan,22739,39,06/28/2023,01/01/2020,06/24/2023
Stone County,Arkansas,AR,05137,Noncore,12481,33,06/28/2023,01/01/2020,06/24/2023
Union County,Arkansas,AR,05139,Micropolitan,38340,181,06/28/2023,01/01/2020,06/24/2023
Van Buren County,Arkansas,AR,05141,Noncore,15694,18,06/28/2023,01/01/2020,06/24/2023
Washington County,Arkansas,AR,05143,Medium metro,250057,919,06/28/2023,01/01/2020,06/24/2023
White County,Arkansas,AR,05145,Micropolitan,77207,412,06/28/2023,01/01/2020,06/24/2023
Woodruff County,Arkansas,AR,05147,Noncore,6116,,06/28/2023,01/01/2020,06/24/2023
Yell County,Arkansas,AR,05149,Micropolitan,20155,44,06/28/2023,01/01/2020,06/24/2023
Alameda County,California,CA,06001,Large central metro,1648556,2584,06/28/2023,01/01/2020,06/24/2023
Amador County,California,CA,06005,Noncore,41259,103,06/28/2023,01/01/2020,06/24/2023
Butte County,California,CA,06007,Small metro,208309,774,06/28/2023,01/01/2020,06/24/2023
Calaveras County,California,CA,06009,Noncore,46221,62,06/28/2023,01/01/2020,06/24/2023
Colusa County,California,CA,06011,Noncore,21917,36,06/28/2023,01/01/2020,06/24/2023
Contra Costa County,California,CA,06013,Large fringe metro,1161413,1712,06/28/2023,01/01/2020,06/24/2023
Del Norte County,California,CA,06015,Micropolitan,28100,65,06/28/2023,01/01/2020,06/24/2023
El Dorado County,California,CA,06017,Large fringe metro,193221,245,06/28/2023,01/01/2020,06/24/2023
Fresno County,California,CA,06019,Medium metro,1013581,3249,06/28/2023,01/01/2020,06/24/2023
Glenn County,California,CA,06021,Noncore,28805,67,06/28/2023,01/01/2020,06/24/2023
Humboldt County,California,CA,06023,Micropolitan,136310,219,06/28/2023,01/01/2020,06/24/2023
Imperial County,California,CA,06025,Small metro,179851,873,06/28/2023,01/01/2020,06/24/2023
Inyo County,California,CA,06027,Noncore,18970,52,06/28/2023,01/01/2020,06/24/2023
Kern County,California,CA,06029,Medium metro,917673,2691,06/28/2023,01/01/2020,06/24/2023
Kings County,California,CA,06031,Small metro,153443,578,06/28/2023,01/01/2020,06/24/2023
Lake County,California,CA,06033,Micropolitan,68766,114,06/28/2023,01/01/2020,06/24/2023
Lassen County,California,CA,06035,Micropolitan,33159,53,06/28/2023,01/01/2020,06/24/2023
Los Angeles County,California,CA,06037,Large central metro,9829544,32767,06/28/2023,01/01/2020,06/24/2023
Madera County,California,CA,06039,Small metro,159410,387,06/28/2023,01/01/2020,06/24/2023
Marin County,California,CA,06041,Large fringe metro,260206,367,06/28/2023,01/01/2020,06/24/2023
Mariposa County,California,CA,06043,Noncore,17147,11,06/28/2023,01/01/2020,06/24/2023
Mendocino County,California,CA,06045,Micropolitan,91305,149,06/28/2023,01/01/2020,06/24/2023
Merced County,California,CA,06047,Medium metro,286461,592,06/28/2023,01/01/2020,06/24/2023
Modoc County,California,CA,06049,Noncore,8661,21,06/28/2023,01/01/2020,06/24/2023
Mono County,California,CA,06051,Noncore,13247,,06/28/2023,01/01/2020,06/24/2023
Monterey County,California,CA,06053,Medium metro,437325,807,06/28/2023,01/01/2020,06/24/2023
Napa County,California,CA,06055,Small metro,136207,212,06/28/2023,01/01/2020,06/24/2023
Nevada County,California,CA,06057,Micropolitan,103487,188,06/28/2023,01/01/2020,06/24/2023
Orange County,California,CA,06059,Large central metro,3167809,8887,06/28/2023,01/01/2020,06/24/2023
Placer County,California,CA,06061,Large fringe metro,412300,1237,06/28/2023,01/01/2020,06/24/2023
Plumas County,California,CA,06063,Noncore,19915,24,06/28/2023,01/01/2020,06/24/2023
Riverside County,California,CA,06065,Large central metro,2458395,8498,06/28/2023,01/01/2020,06/24/2023
Sacramento County,California,CA,06067,Large central metro,1588921,3819,06/28/2023,01/01/2020,06/24/2023
San Benito County,California,CA,06069,Large fringe metro,66677,100,06/28/2023,01/01/2020,06/24/2023
San Bernardino County,California,CA,06071,Large fringe metro,2194710,8878,06/28/2023,01/01/2020,06/24/2023
San Diego County,California,CA,06073,Large central metro,3286069,7788,06/28/2023,01/01/2020,06/24/2023
San Francisco County,California,CA,06075,Large central metro,815201,1124,06/28/2023,01/01/2020,06/24/2023
San Joaquin County,California,CA,06077,Medium metro,789410,2542,06/28/2023,01/01/2020,06/24/2023
San Luis Obispo County,California,CA,06079,Medium metro,283159,507,06/28/2023,01/01/2020,06/24/2023
San Mateo County,California,CA,06081,Large fringe metro,737888,969,06/28/2023,01/01/2020,06/24/2023
Santa Barbara County,California,CA,06083,Medium metro,446475,965,06/28/2023,01/01/2020,06/24/2023
Santa Clara County,California,CA,06085,Large central metro,1885508,3285,06/28/2023,01/01/2020,06/24/2023
Santa Cruz County,California,CA,06087,Medium metro,267792,448,06/28/2023,01/01/2020,06/24/2023
Shasta County,California,CA,06089,Small metro,182139,816,06/28/2023,01/01/2020,06/24/2023
Sierra County,California,CA,06091,Noncore,3283,,06/28/2023,01/01/2020,06/24/2023
Siskiyou County,California,CA,06093,Noncore,44118,114,06/28/2023,01/01/2020,06/24/2023
Solano County,California,CA,06095,Medium metro,451716,911,06/28/2023,01/01/2020,06/24/2023
Sonoma County,California,CA,06097,Medium metro,485887,827,06/28/2023,01/01/2020,06/24/2023
Stanislaus County,California,CA,06099,Medium metro,552999,2704,06/28/2023,01/01/2020,06/24/2023
Sutter County,California,CA,06101,Small metro,99063,94,06/28/2023,01/01/2020,06/24/2023
Tehama County,California,CA,06103,Micropolitan,65498,198,06/28/2023,01/01/2020,06/24/2023
Trinity County,California,CA,06105,Noncore,16060,,06/28/2023,01/01/2020,06/24/2023
Tulare County,California,CA,06107,Medium metro,477054,1576,06/28/2023,01/01/2020,06/24/2023
Tuolumne County,California,CA,06109,Micropolitan,55810,227,06/28/2023,01/01/2020,06/24/2023
Ventura County,California,CA,06111,Medium metro,839784,1858,06/28/2023,01/01/2020,06/24/2023
Yolo County,California,CA,06113,Large fringe metro,216986,326,06/28/2023,01/01/2020,06/24/2023
Yuba County,California,CA,06115,Small metro,83421,314,06/28/2023,01/01/2020,06/24/2023
Adams County,Colorado,CO,08001,Large fringe metro,522140,1755,06/28/2023,01/01/2020,06/24/2023
Alamosa County,Colorado,CO,08003,Noncore,16547,78,06/28/2023,01/01/2020,06/24/2023
Arapahoe County,Colorado,CO,08005,Large fringe metro,654900,1550,06/28/2023,01/01/2020,06/24/2023
Archuleta County,Colorado,CO,08007,Noncore,13790,,06/28/2023,01/01/2020,06/24/2023
Baca County,Colorado,CO,08009,Noncore,3514,13,06/28/2023,01/01/2020,06/24/2023
Bent County,Colorado,CO,08011,Noncore,5759,16,06/28/2023,01/01/2020,06/24/2023
Boulder County,Colorado,CO,08013,Medium metro,329543,813,06/28/2023,01/01/2020,06/24/2023
Broomfield County,Colorado,CO,08014,Large fringe metro,75325,81,06/28/2023,01/01/2020,06/24/2023
Chaffee County,Colorado,CO,08015,Noncore,20074,45,06/28/2023,01/01/2020,06/24/2023
Cheyenne County,Colorado,CO,08017,Noncore,1707,,06/28/2023,01/01/2020,06/24/2023
Clear Creek County,Colorado,CO,08019,Large fringe metro,9446,,06/28/2023,01/01/2020,06/24/2023
Conejos County,Colorado,CO,08021,Noncore,7612,24,06/28/2023,01/01/2020,06/24/2023
Costilla County,Colorado,CO,08023,Noncore,3625,,06/28/2023,01/01/2020,06/24/2023
Crowley County,Colorado,CO,08025,Noncore,6012,13,06/28/2023,01/01/2020,06/24/2023
Custer County,Colorado,CO,08027,Noncore,5045,,06/28/2023,01/01/2020,06/24/2023
Delta County,Colorado,CO,08029,Noncore,31661,139,06/28/2023,01/01/2020,06/24/2023
Denver County,Colorado,CO,08031,Large central metro,711463,1537,06/28/2023,01/01/2020,06/24/2023
Dolores County,Colorado,CO,08033,Noncore,2397,,06/28/2023,01/01/2020,06/24/2023
Douglas County,Colorado,CO,08035,Large fringe metro,368990,688,06/28/2023,01/01/2020,06/24/2023
Eagle County,Colorado,CO,08037,Micropolitan,55727,20,06/28/2023,01/01/2020,06/24/2023
El Paso County,Colorado,CO,08041,Medium metro,737867,2297,06/28/2023,01/01/2020,06/24/2023
Elbert County,Colorado,CO,08039,Large fringe metro,27128,23,06/28/2023,01/01/2020,06/24/2023
Fremont County,Colorado,CO,08043,Micropolitan,49661,153,06/28/2023,01/01/2020,06/24/2023
Garfield County,Colorado,CO,08045,Micropolitan,62161,94,06/28/2023,01/01/2020,06/24/2023
Gilpin County,Colorado,CO,08047,Large fringe metro,5873,,06/28/2023,01/01/2020,06/24/2023
Grand County,Colorado,CO,08049,Noncore,15860,12,06/28/2023,01/01/2020,06/24/2023
Gunnison County,Colorado,CO,08051,Noncore,17281,,06/28/2023,01/01/2020,06/24/2023
Huerfano County,Colorado,CO,08055,Noncore,6920,32,06/28/2023,01/01/2020,06/24/2023
Jefferson County,Colorado,CO,08059,Large fringe metro,579581,1602,06/28/2023,01/01/2020,06/24/2023
Kiowa County,Colorado,CO,08061,Noncore,1452,,06/28/2023,01/01/2020,06/24/2023
Kit Carson County,Colorado,CO,08063,Noncore,6950,13,06/28/2023,01/01/2020,06/24/2023
La Plata County,Colorado,CO,08067,Micropolitan,56250,152,06/28/2023,01/01/2020,06/24/2023
Lake County,Colorado,CO,08065,Noncore,7407,,06/28/2023,01/01/2020,06/24/2023
Larimer County,Colorado,CO,08069,Medium metro,362533,870,06/28/2023,01/01/2020,06/24/2023
Las Animas County,Colorado,CO,08071,Noncore,14633,21,06/28/2023,01/01/2020,06/24/2023
Lincoln County,Colorado,CO,08073,Noncore,5688,,06/28/2023,01/01/2020,06/24/2023
Logan County,Colorado,CO,08075,Micropolitan,21487,92,06/28/2023,01/01/2020,06/24/2023
Mesa County,Colorado,CO,08077,Small metro,157335,791,06/28/2023,01/01/2020,06/24/2023
Mineral County,Colorado,CO,08079,Noncore,924,,06/28/2023,01/01/2020,06/24/2023
Moffat County,Colorado,CO,08081,Micropolitan,13185,43,06/28/2023,01/01/2020,06/24/2023
Montezuma County,Colorado,CO,08083,Noncore,26175,38,06/28/2023,01/01/2020,06/24/2023
Montrose County,Colorado,CO,08085,Micropolitan,43168,190,06/28/2023,01/01/2020,06/24/2023
Morgan County,Colorado,CO,08087,Micropolitan,29008,97,06/28/2023,01/01/2020,06/24/2023
Otero County,Colorado,CO,08089,Noncore,18594,68,06/28/2023,01/01/2020,06/24/2023
Ouray County,Colorado,CO,08091,Noncore,5035,,06/28/2023,01/01/2020,06/24/2023
Park County,Colorado,CO,08093,Large fringe metro,17720,10,06/28/2023,01/01/2020,06/24/2023
Phillips County,Colorado,CO,08095,Noncore,4512,13,06/28/2023,01/01/2020,06/24/2023
Pitkin County,Colorado,CO,08097,Micropolitan,17348,,06/28/2023,01/01/2020,06/24/2023
Prowers County,Colorado,CO,08099,Noncore,11996,30,06/28/2023,01/01/2020,06/24/2023
Pueblo County,Colorado,CO,08101,Small metro,169622,941,06/28/2023,01/01/2020,06/24/2023
Rio Blanco County,Colorado,CO,08103,Noncore,6476,13,06/28/2023,01/01/2020,06/24/2023
Rio Grande County,Colorado,CO,08105,Noncore,11408,21,06/28/2023,01/01/2020,06/24/2023
Routt County,Colorado,CO,08107,Micropolitan,25091,29,06/28/2023,01/01/2020,06/24/2023
Saguache County,Colorado,CO,08109,Noncore,6471,,06/28/2023,01/01/2020,06/24/2023
San Miguel County,Colorado,CO,08113,Noncore,8074,,06/28/2023,01/01/2020,06/24/2023
Sedgwick County,Colorado,CO,08115,Noncore,2336,,06/28/2023,01/01/2020,06/24/2023
Summit County,Colorado,CO,08117,Micropolitan,30941,15,06/28/2023,01/01/2020,06/24/2023
Teller County,Colorado,CO,08119,Medium metro,24926,33,06/28/2023,01/01/2020,06/24/2023
Washington County,Colorado,CO,08121,Noncore,4861,10,06/28/2023,01/01/2020,06/24/2023
Weld County,Colorado,CO,08123,Medium metro,340036,670,06/28/2023,01/01/2020,06/24/2023
Yuma County,Colorado,CO,08125,Noncore,9941,21,06/28/2023,01/01/2020,06/24/2023
Fairfield County,Connecticut,CT,09001,Medium metro,959768,3183,06/28/2023,01/01/2020,06/24/2023
Hartford County,Connecticut,CT,09003,Large central metro,896854,3818,06/28/2023,01/01/2020,06/24/2023
Litchfield County,Connecticut,CT,09005,Micropolitan,185000,387,06/28/2023,01/01/2020,06/24/2023
Middlesex County,Connecticut,CT,09007,Large fringe metro,164759,560,06/28/2023,01/01/2020,06/24/2023
New Haven County,Connecticut,CT,09009,Medium metro,863700,3369,06/28/2023,01/01/2020,06/24/2023
New London County,Connecticut,CT,09011,Medium metro,268805,755,06/28/2023,01/01/2020,06/24/2023
Tolland County,Connecticut,CT,09013,Large fringe metro,150293,145,06/28/2023,01/01/2020,06/24/2023
Windham County,Connecticut,CT,09015,Medium metro,116418,241,06/28/2023,01/01/2020,06/24/2023
Kent County,Delaware,DE,10001,Small metro,184149,653,06/28/2023,01/01/2020,06/24/2023
New Castle County,Delaware,DE,10003,Large fringe metro,571708,1760,06/28/2023,01/01/2020,06/24/2023
Sussex County,Delaware,DE,10005,Medium metro,247527,991,06/28/2023,01/01/2020,06/24/2023
District of Columbia,District of Columbia,DC,11001,Large central metro,670050,2218,06/28/2023,01/01/2020,06/24/2023
Alachua County,Florida,FL,12001,Medium metro,279238,1674,06/28/2023,01/01/2020,06/24/2023
Baker County,Florida,FL,12003,Large fringe metro,28715,27,06/28/2023,01/01/2020,06/24/2023
Bay County,Florida,FL,12005,Small metro,179168,937,06/28/2023,01/01/2020,06/24/2023
Bradford County,Florida,FL,12007,Noncore,28540,34,06/28/2023,01/01/2020,06/24/2023
Brevard County,Florida,FL,12009,Medium metro,616628,2359,06/28/2023,01/01/2020,06/24/2023
Broward County,Florida,FL,12011,Large fringe metro,1930983,6319,06/28/2023,01/01/2020,06/24/2023
Calhoun County,Florida,FL,12013,Noncore,13641,32,06/28/2023,01/01/2020,06/24/2023
Charlotte County,Florida,FL,12015,Small metro,194843,843,06/28/2023,01/01/2020,06/24/2023
Citrus County,Florida,FL,12017,Small metro,158083,923,06/28/2023,01/01/2020,06/24/2023
Clay County,Florida,FL,12019,Large fringe metro,222361,1013,06/28/2023,01/01/2020,06/24/2023
Collier County,Florida,FL,12021,Medium metro,385980,1346,06/28/2023,01/01/2020,06/24/2023
Columbia County,Florida,FL,12023,Micropolitan,70385,498,06/28/2023,01/01/2020,06/24/2023
DeSoto County,Florida,FL,12027,Micropolitan,34408,75,06/28/2023,01/01/2020,06/24/2023
Dixie County,Florida,FL,12029,Noncore,17102,11,06/28/2023,01/01/2020,06/24/2023
Duval County,Florida,FL,12031,Large central metro,999935,4252,06/28/2023,01/01/2020,06/24/2023
Escambia County,Florida,FL,12033,Medium metro,322390,1832,06/28/2023,01/01/2020,06/24/2023
Flagler County,Florida,FL,12035,Medium metro,120932,420,06/28/2023,01/01/2020,06/24/2023
Franklin County,Florida,FL,12037,Noncore,12572,12,06/28/2023,01/01/2020,06/24/2023
Gadsden County,Florida,FL,12039,Medium metro,43714,56,06/28/2023,01/01/2020,06/24/2023
Gilchrist County,Florida,FL,12041,Medium metro,18360,17,06/28/2023,01/01/2020,06/24/2023
Glades County,Florida,FL,12043,Noncore,12234,,06/28/2023,01/01/2020,06/24/2023
Gulf County,Florida,FL,12045,Small metro,14363,14,06/28/2023,01/01/2020,06/24/2023
Hamilton County,Florida,FL,12047,Noncore,13993,,06/28/2023,01/01/2020,06/24/2023
Hardee County,Florida,FL,12049,Micropolitan,25425,22,06/28/2023,01/01/2020,06/24/2023
Hendry County,Florida,FL,12051,Micropolitan,40313,51,06/28/2023,01/01/2020,06/24/2023
Hernando County,Florida,FL,12053,Large fringe metro,200638,1161,06/28/2023,01/01/2020,06/24/2023
Highlands County,Florida,FL,12055,Small metro,103296,778,06/28/2023,01/01/2020,06/24/2023
Hillsborough County,Florida,FL,12057,Large central metro,1478194,4354,06/28/2023,01/01/2020,06/24/2023
Holmes County,Florida,FL,12059,Noncore,19784,62,06/28/2023,01/01/2020,06/24/2023
Indian River County,Florida,FL,12061,Small metro,163662,630,06/28/2023,01/01/2020,06/24/2023
Jackson County,Florida,FL,12063,Noncore,47694,184,06/28/2023,01/01/2020,06/24/2023
Jefferson County,Florida,FL,12065,Medium metro,14555,23,06/28/2023,01/01/2020,06/24/2023
Lafayette County,Florida,FL,12067,Noncore,8382,16,06/28/2023,01/01/2020,06/24/2023
Lake County,Florida,FL,12069,Large fringe metro,395804,1569,06/28/2023,01/01/2020,06/24/2023
Lee County,Florida,FL,12071,Medium metro,787976,2353,06/28/2023,01/01/2020,06/24/2023
Leon County,Florida,FL,12073,Medium metro,292817,1395,06/28/2023,01/01/2020,06/24/2023
Levy County,Florida,FL,12075,Noncore,44158,76,06/28/2023,01/01/2020,06/24/2023
Liberty County,Florida,FL,12077,Noncore,7900,,06/28/2023,01/01/2020,06/24/2023
Madison County,Florida,FL,12079,Noncore,18288,31,06/28/2023,01/01/2020,06/24/2023
Manatee County,Florida,FL,12081,Medium metro,412703,1591,06/28/2023,01/01/2020,06/24/2023
Marion County,Florida,FL,12083,Medium metro,385915,2275,06/28/2023,01/01/2020,06/24/2023
Martin County,Florida,FL,12085,Medium metro,159942,816,06/28/2023,01/01/2020,06/24/2023
Miami-Dade County,Florida,FL,12086,Large central metro,2662777,10813,06/28/2023,01/01/2020,06/24/2023
Monroe County,Florida,FL,12087,Micropolitan,82170,56,06/28/2023,01/01/2020,06/24/2023
Nassau County,Florida,FL,12089,Large fringe metro,94189,144,06/28/2023,01/01/2020,06/24/2023
Okaloosa County,Florida,FL,12091,Small metro,213255,716,06/28/2023,01/01/2020,06/24/2023
Okeechobee County,Florida,FL,12093,Micropolitan,40266,151,06/28/2023,01/01/2020,06/24/2023
Orange County,Florida,FL,12095,Large central metro,1422746,3743,06/28/2023,01/01/2020,06/24/2023
Osceola County,Florida,FL,12097,Large fringe metro,403282,1311,06/28/2023,01/01/2020,06/24/2023
Palm Beach County,Florida,FL,12099,Large fringe metro,1497987,6052,06/28/2023,01/01/2020,06/24/2023
Pasco County,Florida,FL,12101,Large fringe metro,584067,2084,06/28/2023,01/01/2020,06/24/2023
Pinellas County,Florida,FL,12103,Large central metro,956615,3658,06/28/2023,01/01/2020,06/24/2023
Polk County,Florida,FL,12105,Medium metro,753520,2889,06/28/2023,01/01/2020,06/24/2023
Putnam County,Florida,FL,12107,Micropolitan,74167,326,06/28/2023,01/01/2020,06/24/2023
Santa Rosa County,Florida,FL,12113,Medium metro,193998,351,06/28/2023,01/01/2020,06/24/2023
Sarasota County,Florida,FL,12115,Medium metro,447057,2270,06/28/2023,01/01/2020,06/24/2023
Seminole County,Florida,FL,12117,Large fringe metro,470093,1052,06/28/2023,01/01/2020,06/24/2023
St. Johns County,Florida,FL,12109,Large fringe metro,292466,384,06/28/2023,01/01/2020,06/24/2023
St. Lucie County,Florida,FL,12111,Medium metro,343579,1036,06/28/2023,01/01/2020,06/24/2023
Sumter County,Florida,FL,12119,Small metro,135638,722,06/28/2023,01/01/2020,06/24/2023
Suwannee County,Florida,FL,12121,Noncore,44485,61,06/28/2023,01/01/2020,06/24/2023
Taylor County,Florida,FL,12123,Noncore,21815,37,06/28/2023,01/01/2020,06/24/2023
Union County,Florida,FL,12125,Noncore,16335,35,06/28/2023,01/01/2020,06/24/2023
Volusia County,Florida,FL,12127,Medium metro,564412,2202,06/28/2023,01/01/2020,06/24/2023
Wakulla County,Florida,FL,12129,Medium metro,34690,28,06/28/2023,01/01/2020,06/24/2023
Walton County,Florida,FL,12131,Small metro,80069,222,06/28/2023,01/01/2020,06/24/2023
Washington County,Florida,FL,12133,Noncore,25436,83,06/28/2023,01/01/2020,06/24/2023
Appling County,Georgia,GA,13001,Noncore,18488,68,06/28/2023,01/01/2020,06/24/2023
Atkinson County,Georgia,GA,13003,Noncore,8391,,06/28/2023,01/01/2020,06/24/2023
Bacon County,Georgia,GA,13005,Noncore,11079,89,06/28/2023,01/01/2020,06/24/2023
Baker County,Georgia,GA,13007,Small metro,2819,,06/28/2023,01/01/2020,06/24/2023
Baldwin County,Georgia,GA,13009,Micropolitan,43781,225,06/28/2023,01/01/2020,06/24/2023
Banks County,Georgia,GA,13011,Noncore,18562,11,06/28/2023,01/01/2020,06/24/2023
Barrow County,Georgia,GA,13013,Large fringe metro,86658,86,06/28/2023,01/01/2020,06/24/2023
Bartow County,Georgia,GA,13015,Large fringe metro,110843,372,06/28/2023,01/01/2020,06/24/2023
Ben Hill County,Georgia,GA,13017,Micropolitan,17158,99,06/28/2023,01/01/2020,06/24/2023
Berrien County,Georgia,GA,13019,Noncore,18147,27,06/28/2023,01/01/2020,06/24/2023
Bibb County,Georgia,GA,13021,Small metro,156762,1230,06/28/2023,01/01/2020,06/24/2023
Bleckley County,Georgia,GA,13023,Noncore,12607,42,06/28/2023,01/01/2020,06/24/2023
Brantley County,Georgia,GA,13025,Small metro,18101,20,06/28/2023,01/01/2020,06/24/2023
Brooks County,Georgia,GA,13027,Small metro,16270,23,06/28/2023,01/01/2020,06/24/2023
Bryan County,Georgia,GA,13029,Medium metro,46938,29,06/28/2023,01/01/2020,06/24/2023
Bulloch County,Georgia,GA,13031,Micropolitan,82442,297,06/28/2023,01/01/2020,06/24/2023
Burke County,Georgia,GA,13033,Medium metro,24310,43,06/28/2023,01/01/2020,06/24/2023
Butts County,Georgia,GA,13035,Large fringe metro,25781,58,06/28/2023,01/01/2020,06/24/2023
Calhoun County,Georgia,GA,13037,Noncore,5509,,06/28/2023,01/01/2020,06/24/2023
Camden County,Georgia,GA,13039,Micropolitan,55664,78,06/28/2023,01/01/2020,06/24/2023
Candler County,Georgia,GA,13043,Noncore,11037,82,06/28/2023,01/01/2020,06/24/2023
Carroll County,Georgia,GA,13045,Large fringe metro,121968,682,06/28/2023,01/01/2020,06/24/2023
Catoosa County,Georgia,GA,13047,Medium metro,68397,127,06/28/2023,01/01/2020,06/24/2023
Charlton County,Georgia,GA,13049,Noncore,12766,12,06/28/2023,01/01/2020,06/24/2023
Chatham County,Georgia,GA,13051,Medium metro,296329,1540,06/28/2023,01/01/2020,06/24/2023
Chattahoochee County,Georgia,GA,13053,Medium metro,9048,,06/28/2023,01/01/2020,06/24/2023
Chattooga County,Georgia,GA,13055,Micropolitan,24932,20,06/28/2023,01/01/2020,06/24/2023
Cherokee County,Georgia,GA,13057,Large fringe metro,274615,489,06/28/2023,01/01/2020,06/24/2023
Clarke County,Georgia,GA,13059,Small metro,128711,816,06/28/2023,01/01/2020,06/24/2023
Clay County,Georgia,GA,13061,Noncore,2882,,06/28/2023,01/01/2020,06/24/2023
Clayton County,Georgia,GA,13063,Large fringe metro,297100,423,06/28/2023,01/01/2020,06/24/2023
Clinch County,Georgia,GA,13065,Noncore,6725,16,06/28/2023,01/01/2020,06/24/2023
Cobb County,Georgia,GA,13067,Large fringe metro,766802,2051,06/28/2023,01/01/2020,06/24/2023
Coffee County,Georgia,GA,13069,Micropolitan,43386,276,06/28/2023,01/01/2020,06/24/2023
Colquitt County,Georgia,GA,13071,Micropolitan,45812,248,06/28/2023,01/01/2020,06/24/2023
Columbia County,Georgia,GA,13073,Medium metro,159639,79,06/28/2023,01/01/2020,06/24/2023
Cook County,Georgia,GA,13075,Noncore,17225,22,06/28/2023,01/01/2020,06/24/2023
Coweta County,Georgia,GA,13077,Large fringe metro,149956,497,06/28/2023,01/01/2020,06/24/2023
Crawford County,Georgia,GA,13079,Small metro,12153,,06/28/2023,01/01/2020,06/24/2023
Crisp County,Georgia,GA,13081,Micropolitan,19879,160,06/28/2023,01/01/2020,06/24/2023
Dade County,Georgia,GA,13083,Medium metro,16326,22,06/28/2023,01/01/2020,06/24/2023
Dawson County,Georgia,GA,13085,Large fringe metro,28497,17,06/28/2023,01/01/2020,06/24/2023
DeKalb County,Georgia,GA,13089,Large fringe metro,757718,1346,06/28/2023,01/01/2020,06/24/2023
Decatur County,Georgia,GA,13087,Micropolitan,29038,94,06/28/2023,01/01/2020,06/24/2023
Dodge County,Georgia,GA,13091,Noncore,19759,144,06/28/2023,01/01/2020,06/24/2023
Dooly County,Georgia,GA,13093,Noncore,10885,10,06/28/2023,01/01/2020,06/24/2023
Dougherty County,Georgia,GA,13095,Small metro,84844,794,06/28/2023,01/01/2020,06/24/2023
Douglas County,Georgia,GA,13097,Large fringe metro,145814,247,06/28/2023,01/01/2020,06/24/2023
Early County,Georgia,GA,13099,Noncore,10619,24,06/28/2023,01/01/2020,06/24/2023
Echols County,Georgia,GA,13101,Small metro,3699,,06/28/2023,01/01/2020,06/24/2023
Effingham County,Georgia,GA,13103,Medium metro,66741,75,06/28/2023,01/01/2020,06/24/2023
Elbert County,Georgia,GA,13105,Noncore,19579,47,06/28/2023,01/01/2020,06/24/2023
Emanuel County,Georgia,GA,13107,Noncore,22716,118,06/28/2023,01/01/2020,06/24/2023
Evans County,Georgia,GA,13109,Noncore,10672,35,06/28/2023,01/01/2020,06/24/2023
Fannin County,Georgia,GA,13111,Noncore,25817,111,06/28/2023,01/01/2020,06/24/2023
Fayette County,Georgia,GA,13113,Large fringe metro,120574,566,06/28/2023,01/01/2020,06/24/2023
Floyd County,Georgia,GA,13115,Small metro,98771,952,06/28/2023,01/01/2020,06/24/2023
Forsyth County,Georgia,GA,13117,Large fringe metro,260206,579,06/28/2023,01/01/2020,06/24/2023
Franklin County,Georgia,GA,13119,Noncore,23785,75,06/28/2023,01/01/2020,06/24/2023
Fulton County,Georgia,GA,13121,Large central metro,1065334,3169,06/28/2023,01/01/2020,06/24/2023
Gilmer County,Georgia,GA,13123,Noncore,32026,67,06/28/2023,01/01/2020,06/24/2023
Glascock County,Georgia,GA,13125,Noncore,2919,15,06/28/2023,01/01/2020,06/24/2023
Glynn County,Georgia,GA,13127,Small metro,84739,547,06/28/2023,01/01/2020,06/24/2023
Gordon County,Georgia,GA,13129,Micropolitan,58237,295,06/28/2023,01/01/2020,06/24/2023
Grady County,Georgia,GA,13131,Noncore,25918,65,06/28/2023,01/01/2020,06/24/2023
Greene County,Georgia,GA,13133,Noncore,19536,34,06/28/2023,01/01/2020,06/24/2023
Gwinnett County,Georgia,GA,13135,Large fringe metro,964546,1527,06/28/2023,01/01/2020,06/24/2023
Habersham County,Georgia,GA,13137,Micropolitan,46774,141,06/28/2023,01/01/2020,06/24/2023
Hall County,Georgia,GA,13139,Small metro,207369,1723,06/28/2023,01/01/2020,06/24/2023
Hancock County,Georgia,GA,13141,Micropolitan,8630,16,06/28/2023,01/01/2020,06/24/2023
Haralson County,Georgia,GA,13143,Large fringe metro,30572,45,06/28/2023,01/01/2020,06/24/2023
Harris County,Georgia,GA,13145,Medium metro,35626,14,06/28/2023,01/01/2020,06/24/2023
Hart County,Georgia,GA,13147,Noncore,26409,19,06/28/2023,01/01/2020,06/24/2023
Heard County,Georgia,GA,13149,Large fringe metro,11565,11,06/28/2023,01/01/2020,06/24/2023
Henry County,Georgia,GA,13151,Large fringe metro,245235,811,06/28/2023,01/01/2020,06/24/2023
Houston County,Georgia,GA,13153,Small metro,166829,506,06/28/2023,01/01/2020,06/24/2023
Irwin County,Georgia,GA,13155,Noncore,9618,32,06/28/2023,01/01/2020,06/24/2023
Jackson County,Georgia,GA,13157,Micropolitan,80286,46,06/28/2023,01/01/2020,06/24/2023
Jasper County,Georgia,GA,13159,Large fringe metro,15278,27,06/28/2023,01/01/2020,06/24/2023
Jeff Davis County,Georgia,GA,13161,Noncore,14872,56,06/28/2023,01/01/2020,06/24/2023
Jefferson County,Georgia,GA,13163,Noncore,15524,43,06/28/2023,01/01/2020,06/24/2023
Jenkins County,Georgia,GA,13165,Noncore,8639,31,06/28/2023,01/01/2020,06/24/2023
Johnson County,Georgia,GA,13167,Micropolitan,9160,23,06/28/2023,01/01/2020,06/24/2023
Jones County,Georgia,GA,13169,Small metro,28400,14,06/28/2023,01/01/2020,06/24/2023
Lamar County,Georgia,GA,13171,Large fringe metro,19080,35,06/28/2023,01/01/2020,06/24/2023
Lanier County,Georgia,GA,13173,Small metro,9907,,06/28/2023,01/01/2020,06/24/2023
Laurens County,Georgia,GA,13175,Micropolitan,49547,382,06/28/2023,01/01/2020,06/24/2023
Lee County,Georgia,GA,13177,Small metro,33411,11,06/28/2023,01/01/2020,06/24/2023
Liberty County,Georgia,GA,13179,Small metro,65711,78,06/28/2023,01/01/2020,06/24/2023
Lincoln County,Georgia,GA,13181,Medium metro,7749,,06/28/2023,01/01/2020,06/24/2023
Long County,Georgia,GA,13183,Small metro,17152,,06/28/2023,01/01/2020,06/24/2023
Lowndes County,Georgia,GA,13185,Small metro,119276,600,06/28/2023,01/01/2020,06/24/2023
Lumpkin County,Georgia,GA,13187,Noncore,34278,48,06/28/2023,01/01/2020,06/24/2023
Macon County,Georgia,GA,13193,Noncore,12004,10,06/28/2023,01/01/2020,06/24/2023
Madison County,Georgia,GA,13195,Small metro,30885,12,06/28/2023,01/01/2020,06/24/2023
Marion County,Georgia,GA,13197,Medium metro,7440,12,06/28/2023,01/01/2020,06/24/2023
McDuffie County,Georgia,GA,13189,Medium metro,21633,38,06/28/2023,01/01/2020,06/24/2023
McIntosh County,Georgia,GA,13191,Small metro,11123,,06/28/2023,01/01/2020,06/24/2023
Meriwether County,Georgia,GA,13199,Large fringe metro,20793,45,06/28/2023,01/01/2020,06/24/2023
Miller County,Georgia,GA,13201,Noncore,5919,34,06/28/2023,01/01/2020,06/24/2023
Mitchell County,Georgia,GA,13205,Noncore,21521,32,06/28/2023,01/01/2020,06/24/2023
Monroe County,Georgia,GA,13207,Small metro,28712,80,06/28/2023,01/01/2020,06/24/2023
Montgomery County,Georgia,GA,13209,Micropolitan,8653,,06/28/2023,01/01/2020,06/24/2023
Morgan County,Georgia,GA,13211,Large fringe metro,20635,15,06/28/2023,01/01/2020,06/24/2023
Murray County,Georgia,GA,13213,Small metro,39951,59,06/28/2023,01/01/2020,06/24/2023
Muscogee County,Georgia,GA,13215,Medium metro,205617,1365,06/28/2023,01/01/2020,06/24/2023
Newton County,Georgia,GA,13217,Large fringe metro,115355,330,06/28/2023,01/01/2020,06/24/2023
Oconee County,Georgia,GA,13219,Small metro,43023,80,06/28/2023,01/01/2020,06/24/2023
Oglethorpe County,Georgia,GA,13221,Small metro,15140,,06/28/2023,01/01/2020,06/24/2023
Paulding County,Georgia,GA,13223,Large fringe metro,173780,282,06/28/2023,01/01/2020,06/24/2023
Peach County,Georgia,GA,13225,Small metro,28417,62,06/28/2023,01/01/2020,06/24/2023
Pickens County,Georgia,GA,13227,Large fringe metro,34024,230,06/28/2023,01/01/2020,06/24/2023
Pierce County,Georgia,GA,13229,Micropolitan,19976,19,06/28/2023,01/01/2020,06/24/2023
Pike County,Georgia,GA,13231,Large fringe metro,19477,20,06/28/2023,01/01/2020,06/24/2023
Polk County,Georgia,GA,13233,Micropolitan,43496,36,06/28/2023,01/01/2020,06/24/2023
Pulaski County,Georgia,GA,13235,Small metro,9917,97,06/28/2023,01/01/2020,06/24/2023
Putnam County,Georgia,GA,13237,Noncore,22585,50,06/28/2023,01/01/2020,06/24/2023
Quitman County,Georgia,GA,13239,Noncore,2243,,06/28/2023,01/01/2020,06/24/2023
Rabun County,Georgia,GA,13241,Noncore,17119,44,06/28/2023,01/01/2020,06/24/2023
Randolph County,Georgia,GA,13243,Noncore,6287,13,06/28/2023,01/01/2020,06/24/2023
Richmond County,Georgia,GA,13245,Medium metro,205673,2054,06/28/2023,01/01/2020,06/24/2023
Rockdale County,Georgia,GA,13247,Large fringe metro,94082,325,06/28/2023,01/01/2020,06/24/2023
Schley County,Georgia,GA,13249,Micropolitan,4478,,06/28/2023,01/01/2020,06/24/2023
Screven County,Georgia,GA,13251,Noncore,14105,26,06/28/2023,01/01/2020,06/24/2023
Seminole County,Georgia,GA,13253,Noncore,9197,16,06/28/2023,01/01/2020,06/24/2023
Spalding County,Georgia,GA,13255,Large fringe metro,67909,518,06/28/2023,01/01/2020,06/24/2023
Stephens County,Georgia,GA,13257,Micropolitan,26865,95,06/28/2023,01/01/2020,06/24/2023
Stewart County,Georgia,GA,13259,Noncore,5341,,06/28/2023,01/01/2020,06/24/2023
Sumter County,Georgia,GA,13261,Micropolitan,29283,166,06/28/2023,01/01/2020,06/24/2023
Talbot County,Georgia,GA,13263,Noncore,5742,,06/28/2023,01/01/2020,06/24/2023
Tattnall County,Georgia,GA,13267,Noncore,23052,45,06/28/2023,01/01/2020,06/24/2023
Taylor County,Georgia,GA,13269,Noncore,7799,,06/28/2023,01/01/2020,06/24/2023
Telfair County,Georgia,GA,13271,Noncore,12414,13,06/28/2023,01/01/2020,06/24/2023
Terrell County,Georgia,GA,13273,Small metro,8964,12,06/28/2023,01/01/2020,06/24/2023
Thomas County,Georgia,GA,13275,Micropolitan,45842,330,06/28/2023,01/01/2020,06/24/2023
Tift County,Georgia,GA,13277,Micropolitan,41212,391,06/28/2023,01/01/2020,06/24/2023
Toombs County,Georgia,GA,13279,Micropolitan,26911,287,06/28/2023,01/01/2020,06/24/2023
Towns County,Georgia,GA,13281,Noncore,12875,57,06/28/2023,01/01/2020,06/24/2023
Treutlen County,Georgia,GA,13283,Noncore,6306,20,06/28/2023,01/01/2020,06/24/2023
Troup County,Georgia,GA,13285,Micropolitan,69720,478,06/28/2023,01/01/2020,06/24/2023
Turner County,Georgia,GA,13287,Noncore,8966,16,06/28/2023,01/01/2020,06/24/2023
Twiggs County,Georgia,GA,13289,Small metro,7856,12,06/28/2023,01/01/2020,06/24/2023
Union County,Georgia,GA,13291,Noncore,25521,175,06/28/2023,01/01/2020,06/24/2023
Upson County,Georgia,GA,13293,Micropolitan,27720,337,06/28/2023,01/01/2020,06/24/2023
Walker County,Georgia,GA,13295,Medium metro,68510,114,06/28/2023,01/01/2020,06/24/2023
Walton County,Georgia,GA,13297,Large fringe metro,99853,369,06/28/2023,01/01/2020,06/24/2023
Ware County,Georgia,GA,13299,Micropolitan,36033,359,06/28/2023,01/01/2020,06/24/2023
Warren County,Georgia,GA,13301,Noncore,5240,,06/28/2023,01/01/2020,06/24/2023
Washington County,Georgia,GA,13303,Noncore,19785,75,06/28/2023,01/01/2020,06/24/2023
Wayne County,Georgia,GA,13305,Micropolitan,30380,182,06/28/2023,01/01/2020,06/24/2023
Webster County,Georgia,GA,13307,Noncore,2367,,06/28/2023,01/01/2020,06/24/2023
Wheeler County,Georgia,GA,13309,Noncore,7471,,06/28/2023,01/01/2020,06/24/2023
White County,Georgia,GA,13311,Noncore,28442,42,06/28/2023,01/01/2020,06/24/2023
Whitfield County,Georgia,GA,13313,Small metro,102848,475,06/28/2023,01/01/2020,06/24/2023
Wilcox County,Georgia,GA,13315,Noncore,8739,14,06/28/2023,01/01/2020,06/24/2023
Wilkes County,Georgia,GA,13317,Noncore,9513,22,06/28/2023,01/01/2020,06/24/2023
Wilkinson County,Georgia,GA,13319,Noncore,8831,13,06/28/2023,01/01/2020,06/24/2023
Worth County,Georgia,GA,13321,Small metro,20554,35,06/28/2023,01/01/2020,06/24/2023
Hawaii County,Hawaii,HI,15001,Micropolitan,202906,237,06/28/2023,01/01/2020,06/24/2023
Honolulu County,Hawaii,HI,15003,Medium metro,1000890,1386,06/28/2023,01/01/2020,06/24/2023
Kauai County,Hawaii,HI,15007,Micropolitan,73454,47,06/28/2023,01/01/2020,06/24/2023
Maui County,Hawaii,HI,15009,Small metro,164221,194,06/28/2023,01/01/2020,06/24/2023
Ada County,Idaho,ID,16001,Medium metro,511931,1706,06/28/2023,01/01/2020,06/24/2023
Adams County,Idaho,ID,16003,Noncore,4625,,06/28/2023,01/01/2020,06/24/2023
Bannock County,Idaho,ID,16005,Small metro,88263,332,06/28/2023,01/01/2020,06/24/2023
Bear Lake County,Idaho,ID,16007,Noncore,6545,12,06/28/2023,01/01/2020,06/24/2023
Benewah County,Idaho,ID,16009,Noncore,9931,22,06/28/2023,01/01/2020,06/24/2023
Bingham County,Idaho,ID,16011,Micropolitan,48876,79,06/28/2023,01/01/2020,06/24/2023
Blaine County,Idaho,ID,16013,Micropolitan,24766,17,06/28/2023,01/01/2020,06/24/2023
Boise County,Idaho,ID,16015,Medium metro,8094,,06/28/2023,01/01/2020,06/24/2023
Bonner County,Idaho,ID,16017,Micropolitan,49491,150,06/28/2023,01/01/2020,06/24/2023
Bonneville County,Idaho,ID,16019,Small metro,127930,493,06/28/2023,01/01/2020,06/24/2023
Boundary County,Idaho,ID,16021,Noncore,12561,50,06/28/2023,01/01/2020,06/24/2023
Butte County,Idaho,ID,16023,Small metro,2654,,06/28/2023,01/01/2020,06/24/2023
Canyon County,Idaho,ID,16027,Medium metro,243115,662,06/28/2023,01/01/2020,06/24/2023
Caribou County,Idaho,ID,16029,Noncore,7111,22,06/28/2023,01/01/2020,06/24/2023
Cassia County,Idaho,ID,16031,Micropolitan,25164,33,06/28/2023,01/01/2020,06/24/2023
Clark County,Idaho,ID,16033,Noncore,792,,06/28/2023,01/01/2020,06/24/2023
Clearwater County,Idaho,ID,16035,Noncore,8895,39,06/28/2023,01/01/2020,06/24/2023
Custer County,Idaho,ID,16037,Noncore,4428,,06/28/2023,01/01/2020,06/24/2023
Elmore County,Idaho,ID,16039,Micropolitan,28827,27,06/28/2023,01/01/2020,06/24/2023
Franklin County,Idaho,ID,16041,Small metro,14666,17,06/28/2023,01/01/2020,06/24/2023
Fremont County,Idaho,ID,16043,Micropolitan,13592,13,06/28/2023,01/01/2020,06/24/2023
Gem County,Idaho,ID,16045,Medium metro,19792,43,06/28/2023,01/01/2020,06/24/2023
Gooding County,Idaho,ID,16047,Noncore,15772,32,06/28/2023,01/01/2020,06/24/2023
Idaho County,Idaho,ID,16049,Noncore,17040,34,06/28/2023,01/01/2020,06/24/2023
Jefferson County,Idaho,ID,16051,Small metro,32202,17,06/28/2023,01/01/2020,06/24/2023
Jerome County,Idaho,ID,16053,Micropolitan,24662,16,06/28/2023,01/01/2020,06/24/2023
Kootenai County,Idaho,ID,16055,Small metro,179789,775,06/28/2023,01/01/2020,06/24/2023
Latah County,Idaho,ID,16057,Micropolitan,40313,49,06/28/2023,01/01/2020,06/24/2023
Lemhi County,Idaho,ID,16059,Noncore,8162,12,06/28/2023,01/01/2020,06/24/2023
Lewis County,Idaho,ID,16061,Noncore,3715,,06/28/2023,01/01/2020,06/24/2023
Lincoln County,Idaho,ID,16063,Micropolitan,5282,,06/28/2023,01/01/2020,06/24/2023
Madison County,Idaho,ID,16065,Micropolitan,53881,49,06/28/2023,01/01/2020,06/24/2023
Minidoka County,Idaho,ID,16067,Micropolitan,21955,47,06/28/2023,01/01/2020,06/24/2023
Nez Perce County,Idaho,ID,16069,Small metro,42454,164,06/28/2023,01/01/2020,06/24/2023
Oneida County,Idaho,ID,16071,Noncore,4611,,06/28/2023,01/01/2020,06/24/2023
Owyhee County,Idaho,ID,16073,Medium metro,12336,30,06/28/2023,01/01/2020,06/24/2023
Payette County,Idaho,ID,16075,Micropolitan,26350,44,06/28/2023,01/01/2020,06/24/2023
Power County,Idaho,ID,16077,Noncore,7950,12,06/28/2023,01/01/2020,06/24/2023
Shoshone County,Idaho,ID,16079,Noncore,13612,40,06/28/2023,01/01/2020,06/24/2023
Teton County,Idaho,ID,16081,Micropolitan,12267,,06/28/2023,01/01/2020,06/24/2023
Twin Falls County,Idaho,ID,16083,Micropolitan,92243,451,06/28/2023,01/01/2020,06/24/2023
Valley County,Idaho,ID,16085,Noncore,12241,,06/28/2023,01/01/2020,06/24/2023
Washington County,Idaho,ID,16087,Noncore,10898,30,06/28/2023,01/01/2020,06/24/2023
Adams County,Illinois,IL,17001,Micropolitan,64954,446,06/28/2023,01/01/2020,06/24/2023
Alexander County,Illinois,IL,17003,Small metro,5030,,06/28/2023,01/01/2020,06/24/2023
Bond County,Illinois,IL,17005,Large fringe metro,16596,32,06/28/2023,01/01/2020,06/24/2023
Boone County,Illinois,IL,17007,Medium metro,53159,59,06/28/2023,01/01/2020,06/24/2023
Brown County,Illinois,IL,17009,Noncore,6421,15,06/28/2023,01/01/2020,06/24/2023
Bureau County,Illinois,IL,17011,Micropolitan,32883,149,06/28/2023,01/01/2020,06/24/2023
Calhoun County,Illinois,IL,17013,Large fringe metro,4369,,06/28/2023,01/01/2020,06/24/2023
Carroll County,Illinois,IL,17015,Noncore,15698,25,06/28/2023,01/01/2020,06/24/2023
Cass County,Illinois,IL,17017,Noncore,12773,30,06/28/2023,01/01/2020,06/24/2023
Champaign County,Illinois,IL,17019,Small metro,205943,689,06/28/2023,01/01/2020,06/24/2023
Christian County,Illinois,IL,17021,Micropolitan,33662,91,06/28/2023,01/01/2020,06/24/2023
Clark County,Illinois,IL,17023,Noncore,15300,28,06/28/2023,01/01/2020,06/24/2023
Clay County,Illinois,IL,17025,Noncore,13143,46,06/28/2023,01/01/2020,06/24/2023
Clinton County,Illinois,IL,17027,Large fringe metro,36793,59,06/28/2023,01/01/2020,06/24/2023
Coles County,Illinois,IL,17029,Micropolitan,46765,254,06/28/2023,01/01/2020,06/24/2023
Cook County,Illinois,IL,17031,Large central metro,5173146,16180,06/28/2023,01/01/2020,06/24/2023
Crawford County,Illinois,IL,17033,Noncore,18659,48,06/28/2023,01/01/2020,06/24/2023
Cumberland County,Illinois,IL,17035,Micropolitan,10345,22,06/28/2023,01/01/2020,06/24/2023
De Witt County,Illinois,IL,17039,Small metro,15341,33,06/28/2023,01/01/2020,06/24/2023
DeKalb County,Illinois,IL,17037,Large fringe metro,100414,247,06/28/2023,01/01/2020,06/24/2023
Douglas County,Illinois,IL,17041,Noncore,19722,23,06/28/2023,01/01/2020,06/24/2023
DuPage County,Illinois,IL,17043,Large fringe metro,924885,1977,06/28/2023,01/01/2020,06/24/2023
Edgar County,Illinois,IL,17045,Noncore,16520,71,06/28/2023,01/01/2020,06/24/2023
Edwards County,Illinois,IL,17047,Noncore,6075,,06/28/2023,01/01/2020,06/24/2023
Effingham County,Illinois,IL,17049,Micropolitan,34430,158,06/28/2023,01/01/2020,06/24/2023
Fayette County,Illinois,IL,17051,Noncore,21384,58,06/28/2023,01/01/2020,06/24/2023
Ford County,Illinois,IL,17053,Small metro,13511,72,06/28/2023,01/01/2020,06/24/2023
Franklin County,Illinois,IL,17055,Noncore,37442,107,06/28/2023,01/01/2020,06/24/2023
Fulton County,Illinois,IL,17057,Micropolitan,33197,114,06/28/2023,01/01/2020,06/24/2023
Gallatin County,Illinois,IL,17059,Noncore,4903,,06/28/2023,01/01/2020,06/24/2023
Greene County,Illinois,IL,17061,Noncore,11843,41,06/28/2023,01/01/2020,06/24/2023
Grundy County,Illinois,IL,17063,Large fringe metro,52989,183,06/28/2023,01/01/2020,06/24/2023
Hamilton County,Illinois,IL,17065,Noncore,7911,35,06/28/2023,01/01/2020,06/24/2023
Hancock County,Illinois,IL,17067,Micropolitan,17400,55,06/28/2023,01/01/2020,06/24/2023
Hardin County,Illinois,IL,17069,Noncore,3650,16,06/28/2023,01/01/2020,06/24/2023
Henderson County,Illinois,IL,17071,Micropolitan,6312,18,06/28/2023,01/01/2020,06/24/2023
Henry County,Illinois,IL,17073,Medium metro,48907,115,06/28/2023,01/01/2020,06/24/2023
Iroquois County,Illinois,IL,17075,Noncore,26827,79,06/28/2023,01/01/2020,06/24/2023
Jackson County,Illinois,IL,17077,Small metro,52565,285,06/28/2023,01/01/2020,06/24/2023
Jasper County,Illinois,IL,17079,Noncore,9193,22,06/28/2023,01/01/2020,06/24/2023
Jefferson County,Illinois,IL,17081,Micropolitan,36877,288,06/28/2023,01/01/2020,06/24/2023
Jersey County,Illinois,IL,17083,Large fringe metro,21333,85,06/28/2023,01/01/2020,06/24/2023
Jo Daviess County,Illinois,IL,17085,Noncore,21939,38,06/28/2023,01/01/2020,06/24/2023
Johnson County,Illinois,IL,17087,Noncore,13463,,06/28/2023,01/01/2020,06/24/2023
Kane County,Illinois,IL,17089,Large fringe metro,515588,1325,06/28/2023,01/01/2020,06/24/2023
Kankakee County,Illinois,IL,17091,Small metro,106601,401,06/28/2023,01/01/2020,06/24/2023
Kendall County,Illinois,IL,17093,Large fringe metro,134867,35,06/28/2023,01/01/2020,06/24/2023
Knox County,Illinois,IL,17095,Micropolitan,49268,286,06/28/2023,01/01/2020,06/24/2023
La Salle County,Illinois,IL,17099,Micropolitan,108965,332,06/28/2023,01/01/2020,06/24/2023
Lake County,Illinois,IL,17097,Large fringe metro,711239,1525,06/28/2023,01/01/2020,06/24/2023
Lawrence County,Illinois,IL,17101,Noncore,15152,22,06/28/2023,01/01/2020,06/24/2023
Lee County,Illinois,IL,17103,Micropolitan,34049,126,06/28/2023,01/01/2020,06/24/2023
Livingston County,Illinois,IL,17105,Micropolitan,35664,122,06/28/2023,01/01/2020,06/24/2023
Logan County,Illinois,IL,17107,Micropolitan,27992,69,06/28/2023,01/01/2020,06/24/2023
Macon County,Illinois,IL,17115,Small metro,102432,471,06/28/2023,01/01/2020,06/24/2023
Macoupin County,Illinois,IL,17117,Large fringe metro,44406,113,06/28/2023,01/01/2020,06/24/2023
Madison County,Illinois,IL,17119,Large fringe metro,264490,930,06/28/2023,01/01/2020,06/24/2023
Marion County,Illinois,IL,17121,Micropolitan,37390,177,06/28/2023,01/01/2020,06/24/2023
Marshall County,Illinois,IL,17123,Medium metro,11663,15,06/28/2023,01/01/2020,06/24/2023
Mason County,Illinois,IL,17125,Noncore,12881,46,06/28/2023,01/01/2020,06/24/2023
Massac County,Illinois,IL,17127,Micropolitan,13960,67,06/28/2023,01/01/2020,06/24/2023
McDonough County,Illinois,IL,17109,Micropolitan,26828,104,06/28/2023,01/01/2020,06/24/2023
McHenry County,Illinois,IL,17111,Large fringe metro,311122,413,06/28/2023,01/01/2020,06/24/2023
McLean County,Illinois,IL,17113,Small metro,170889,494,06/28/2023,01/01/2020,06/24/2023
Menard County,Illinois,IL,17129,Small metro,12164,22,06/28/2023,01/01/2020,06/24/2023
Mercer County,Illinois,IL,17131,Medium metro,15582,25,06/28/2023,01/01/2020,06/24/2023
Monroe County,Illinois,IL,17133,Large fringe metro,34932,55,06/28/2023,01/01/2020,06/24/2023
Montgomery County,Illinois,IL,17135,Noncore,28084,103,06/28/2023,01/01/2020,06/24/2023
Morgan County,Illinois,IL,17137,Micropolitan,32606,175,06/28/2023,01/01/2020,06/24/2023
Moultrie County,Illinois,IL,17139,Noncore,14510,18,06/28/2023,01/01/2020,06/24/2023
Ogle County,Illinois,IL,17141,Micropolitan,51449,77,06/28/2023,01/01/2020,06/24/2023
Peoria County,Illinois,IL,17143,Medium metro,179432,1376,06/28/2023,01/01/2020,06/24/2023
Perry County,Illinois,IL,17145,Noncore,20985,61,06/28/2023,01/01/2020,06/24/2023
Piatt County,Illinois,IL,17147,Small metro,16753,23,06/28/2023,01/01/2020,06/24/2023
Pike County,Illinois,IL,17149,Noncore,14618,68,06/28/2023,01/01/2020,06/24/2023
Pope County,Illinois,IL,17151,Noncore,3779,,06/28/2023,01/01/2020,06/24/2023
Pulaski County,Illinois,IL,17153,Noncore,5065,,06/28/2023,01/01/2020,06/24/2023
Putnam County,Illinois,IL,17155,Micropolitan,5566,,06/28/2023,01/01/2020,06/24/2023
Randolph County,Illinois,IL,17157,Noncore,30142,120,06/28/2023,01/01/2020,06/24/2023
Richland County,Illinois,IL,17159,Noncore,15796,95,06/28/2023,01/01/2020,06/24/2023
Rock Island County,Illinois,IL,17161,Medium metro,142909,576,06/28/2023,01/01/2020,06/24/2023
Saline County,Illinois,IL,17165,Noncore,23320,109,06/28/2023,01/01/2020,06/24/2023
Sangamon County,Illinois,IL,17167,Small metro,194734,837,06/28/2023,01/01/2020,06/24/2023
Schuyler County,Illinois,IL,17169,Noncore,6843,27,06/28/2023,01/01/2020,06/24/2023
Scott County,Illinois,IL,17171,Micropolitan,4836,,06/28/2023,01/01/2020,06/24/2023
Shelby County,Illinois,IL,17173,Noncore,20789,34,06/28/2023,01/01/2020,06/24/2023
St. Clair County,Illinois,IL,17163,Large fringe metro,254796,848,06/28/2023,01/01/2020,06/24/2023
Stark County,Illinois,IL,17175,Medium metro,5294,23,06/28/2023,01/01/2020,06/24/2023
Stephenson County,Illinois,IL,17177,Micropolitan,44021,244,06/28/2023,01/01/2020,06/24/2023
Tazewell County,Illinois,IL,17179,Medium metro,130413,247,06/28/2023,01/01/2020,06/24/2023
Union County,Illinois,IL,17181,Noncore,16923,40,06/28/2023,01/01/2020,06/24/2023
Vermilion County,Illinois,IL,17183,Small metro,73095,246,06/28/2023,01/01/2020,06/24/2023
Wabash County,Illinois,IL,17185,Noncore,11202,24,06/28/2023,01/01/2020,06/24/2023
Warren County,Illinois,IL,17187,Noncore,16531,51,06/28/2023,01/01/2020,06/24/2023
Washington County,Illinois,IL,17189,Noncore,13655,33,06/28/2023,01/01/2020,06/24/2023
Wayne County,Illinois,IL,17191,Noncore,15963,67,06/28/2023,01/01/2020,06/24/2023
White County,Illinois,IL,17193,Noncore,13784,39,06/28/2023,01/01/2020,06/24/2023
Whiteside County,Illinois,IL,17195,Micropolitan,55305,282,06/28/2023,01/01/2020,06/24/2023
Will County,Illinois,IL,17197,Large fringe metro,697252,1507,06/28/2023,01/01/2020,06/24/2023
Williamson County,Illinois,IL,17199,Small metro,66879,381,06/28/2023,01/01/2020,06/24/2023
Winnebago County,Illinois,IL,17201,Medium metro,283119,1158,06/28/2023,01/01/2020,06/24/2023
Woodford County,Illinois,IL,17203,Medium metro,38225,85,06/28/2023,01/01/2020,06/24/2023
Adams County,Indiana,IN,18001,Micropolitan,35961,76,06/28/2023,01/01/2020,06/24/2023
Allen County,Indiana,IN,18003,Medium metro,388608,2145,06/28/2023,01/01/2020,06/24/2023
Bartholomew County,Indiana,IN,18005,Small metro,82475,348,06/28/2023,01/01/2020,06/24/2023
Benton County,Indiana,IN,18007,Small metro,8714,,06/28/2023,01/01/2020,06/24/2023
Blackford County,Indiana,IN,18009,Noncore,12091,36,06/28/2023,01/01/2020,06/24/2023
Boone County,Indiana,IN,18011,Large fringe metro,73052,202,06/28/2023,01/01/2020,06/24/2023
Brown County,Indiana,IN,18013,Large fringe metro,15552,35,06/28/2023,01/01/2020,06/24/2023
Carroll County,Indiana,IN,18015,Small metro,20444,24,06/28/2023,01/01/2020,06/24/2023
Cass County,Indiana,IN,18017,Micropolitan,37563,126,06/28/2023,01/01/2020,06/24/2023
Clark County,Indiana,IN,18019,Large fringe metro,122738,362,06/28/2023,01/01/2020,06/24/2023
Clay County,Indiana,IN,18021,Small metro,26410,45,06/28/2023,01/01/2020,06/24/2023
Clinton County,Indiana,IN,18023,Micropolitan,33065,73,06/28/2023,01/01/2020,06/24/2023
Crawford County,Indiana,IN,18025,Noncore,10514,11,06/28/2023,01/01/2020,06/24/2023
Daviess County,Indiana,IN,18027,Micropolitan,33397,111,06/28/2023,01/01/2020,06/24/2023
DeKalb County,Indiana,IN,18033,Micropolitan,43333,121,06/28/2023,01/01/2020,06/24/2023
Dearborn County,Indiana,IN,18029,Large fringe metro,50816,162,06/28/2023,01/01/2020,06/24/2023
Decatur County,Indiana,IN,18031,Micropolitan,26320,111,06/28/2023,01/01/2020,06/24/2023
Delaware County,Indiana,IN,18035,Small metro,111871,677,06/28/2023,01/01/2020,06/24/2023
Dubois County,Indiana,IN,18037,Micropolitan,43549,189,06/28/2023,01/01/2020,06/24/2023
Elkhart County,Indiana,IN,18039,Small metro,206921,800,06/28/2023,01/01/2020,06/24/2023
Fayette County,Indiana,IN,18041,Micropolitan,23360,63,06/28/2023,01/01/2020,06/24/2023
Floyd County,Indiana,IN,18043,Large fringe metro,80454,548,06/28/2023,01/01/2020,06/24/2023
Fountain County,Indiana,IN,18045,Noncore,16427,41,06/28/2023,01/01/2020,06/24/2023
Franklin County,Indiana,IN,18047,Noncore,22842,14,06/28/2023,01/01/2020,06/24/2023
Fulton County,Indiana,IN,18049,Noncore,20386,75,06/28/2023,01/01/2020,06/24/2023
Gibson County,Indiana,IN,18051,Noncore,32924,69,06/28/2023,01/01/2020,06/24/2023
Grant County,Indiana,IN,18053,Micropolitan,66263,317,06/28/2023,01/01/2020,06/24/2023
Greene County,Indiana,IN,18055,Noncore,30786,101,06/28/2023,01/01/2020,06/24/2023
Hamilton County,Indiana,IN,18057,Large fringe metro,356650,715,06/28/2023,01/01/2020,06/24/2023
Hancock County,Indiana,IN,18059,Large fringe metro,81789,268,06/28/2023,01/01/2020,06/24/2023
Harrison County,Indiana,IN,18061,Large fringe metro,39761,106,06/28/2023,01/01/2020,06/24/2023
Hendricks County,Indiana,IN,18063,Large fringe metro,179355,744,06/28/2023,01/01/2020,06/24/2023
Henry County,Indiana,IN,18065,Micropolitan,48935,131,06/28/2023,01/01/2020,06/24/2023
Howard County,Indiana,IN,18067,Small metro,83687,505,06/28/2023,01/01/2020,06/24/2023
Huntington County,Indiana,IN,18069,Micropolitan,36717,87,06/28/2023,01/01/2020,06/24/2023
Jackson County,Indiana,IN,18071,Micropolitan,46067,156,06/28/2023,01/01/2020,06/24/2023
Jasper County,Indiana,IN,18073,Large fringe metro,33091,62,06/28/2023,01/01/2020,06/24/2023
Jay County,Indiana,IN,18075,Noncore,20248,33,06/28/2023,01/01/2020,06/24/2023
Jefferson County,Indiana,IN,18077,Micropolitan,33141,228,06/28/2023,01/01/2020,06/24/2023
Jennings County,Indiana,IN,18079,Micropolitan,27409,42,06/28/2023,01/01/2020,06/24/2023
Johnson County,Indiana,IN,18081,Large fringe metro,164298,357,06/28/2023,01/01/2020,06/24/2023
Knox County,Indiana,IN,18083,Micropolitan,35956,245,06/28/2023,01/01/2020,06/24/2023
Kosciusko County,Indiana,IN,18085,Micropolitan,80106,136,06/28/2023,01/01/2020,06/24/2023
LaGrange County,Indiana,IN,18087,Noncore,40524,73,06/28/2023,01/01/2020,06/24/2023
LaPorte County,Indiana,IN,18091,Small metro,112390,402,06/28/2023,01/01/2020,06/24/2023
Lake County,Indiana,IN,18089,Large fringe metro,498558,2479,06/28/2023,01/01/2020,06/24/2023
Lawrence County,Indiana,IN,18093,Micropolitan,45070,161,06/28/2023,01/01/2020,06/24/2023
Madison County,Indiana,IN,18095,Large fringe metro,130782,634,06/28/2023,01/01/2020,06/24/2023
Marion County,Indiana,IN,18097,Large central metro,971102,4458,06/28/2023,01/01/2020,06/24/2023
Marshall County,Indiana,IN,18099,Micropolitan,46121,165,06/28/2023,01/01/2020,06/24/2023
Martin County,Indiana,IN,18101,Noncore,9780,16,06/28/2023,01/01/2020,06/24/2023
Miami County,Indiana,IN,18103,Micropolitan,36081,104,06/28/2023,01/01/2020,06/24/2023
Monroe County,Indiana,IN,18105,Small metro,139875,532,06/28/2023,01/01/2020,06/24/2023
Montgomery County,Indiana,IN,18107,Micropolitan,38063,83,06/28/2023,01/01/2020,06/24/2023
Morgan County,Indiana,IN,18109,Large fringe metro,72206,174,06/28/2023,01/01/2020,06/24/2023
Newton County,Indiana,IN,18111,Large fringe metro,13808,40,06/28/2023,01/01/2020,06/24/2023
Noble County,Indiana,IN,18113,Micropolitan,47227,101,06/28/2023,01/01/2020,06/24/2023
Ohio County,Indiana,IN,18115,Large fringe metro,5978,,06/28/2023,01/01/2020,06/24/2023
Orange County,Indiana,IN,18117,Noncore,19830,69,06/28/2023,01/01/2020,06/24/2023
Owen County,Indiana,IN,18119,Small metro,21446,46,06/28/2023,01/01/2020,06/24/2023
Parke County,Indiana,IN,18121,Noncore,16407,,06/28/2023,01/01/2020,06/24/2023
Perry County,Indiana,IN,18123,Noncore,19316,46,06/28/2023,01/01/2020,06/24/2023
Pike County,Indiana,IN,18125,Micropolitan,12144,29,06/28/2023,01/01/2020,06/24/2023
Porter County,Indiana,IN,18127,Large fringe metro,174243,526,06/28/2023,01/01/2020,06/24/2023
Posey County,Indiana,IN,18129,Medium metro,25116,13,06/28/2023,01/01/2020,06/24/2023
Pulaski County,Indiana,IN,18131,Noncore,12339,48,06/28/2023,01/01/2020,06/24/2023
Putnam County,Indiana,IN,18133,Large fringe metro,36979,72,06/28/2023,01/01/2020,06/24/2023
Randolph County,Indiana,IN,18135,Noncore,24387,55,06/28/2023,01/01/2020,06/24/2023
Ripley County,Indiana,IN,18137,Noncore,29081,117,06/28/2023,01/01/2020,06/24/2023
Rush County,Indiana,IN,18139,Noncore,16672,24,06/28/2023,01/01/2020,06/24/2023
Scott County,Indiana,IN,18143,Large fringe metro,24355,62,06/28/2023,01/01/2020,06/24/2023
Shelby County,Indiana,IN,18145,Large fringe metro,45039,165,06/28/2023,01/01/2020,06/24/2023
Spencer County,Indiana,IN,18147,Noncore,19798,17,06/28/2023,01/01/2020,06/24/2023
St. Joseph County,Indiana,IN,18141,Medium metro,272212,1001,06/28/2023,01/01/2020,06/24/2023
Starke County,Indiana,IN,18149,Noncore,23372,34,06/28/2023,01/01/2020,06/24/2023
Steuben County,Indiana,IN,18151,Micropolitan,34632,57,06/28/2023,01/01/2020,06/24/2023
Sullivan County,Indiana,IN,18153,Small metro,20758,49,06/28/2023,01/01/2020,06/24/2023
Switzerland County,Indiana,IN,18155,Noncore,9790,11,06/28/2023,01/01/2020,06/24/2023
Tippecanoe County,Indiana,IN,18157,Small metro,187076,779,06/28/2023,01/01/2020,06/24/2023
Tipton County,Indiana,IN,18159,Noncore,15372,67,06/28/2023,01/01/2020,06/24/2023
Union County,Indiana,IN,18161,Large fringe metro,7047,,06/28/2023,01/01/2020,06/24/2023
Vanderburgh County,Indiana,IN,18163,Medium metro,179987,1098,06/28/2023,01/01/2020,06/24/2023
Vermillion County,Indiana,IN,18165,Small metro,15341,33,06/28/2023,01/01/2020,06/24/2023
Vigo County,Indiana,IN,18167,Small metro,105994,656,06/28/2023,01/01/2020,06/24/2023
Wabash County,Indiana,IN,18169,Micropolitan,30816,123,06/28/2023,01/01/2020,06/24/2023
Warren County,Indiana,IN,18171,Noncore,8475,22,06/28/2023,01/01/2020,06/24/2023
Warrick County,Indiana,IN,18173,Medium metro,64514,545,06/28/2023,01/01/2020,06/24/2023
Washington County,Indiana,IN,18175,Large fringe metro,28102,51,06/28/2023,01/01/2020,06/24/2023
Wayne County,Indiana,IN,18177,Micropolitan,66456,521,06/28/2023,01/01/2020,06/24/2023
Wells County,Indiana,IN,18179,Medium metro,28197,91,06/28/2023,01/01/2020,06/24/2023
White County,Indiana,IN,18181,Noncore,24651,45,06/28/2023,01/01/2020,06/24/2023
Whitley County,Indiana,IN,18183,Medium metro,34430,66,06/28/2023,01/01/2020,06/24/2023
Adair County,Iowa,IA,19001,Noncore,7541,35,06/28/2023,01/01/2020,06/24/2023
Adams County,Iowa,IA,19003,Noncore,3641,14,06/28/2023,01/01/2020,06/24/2023
Allamakee County,Iowa,IA,19005,Noncore,13926,57,06/28/2023,01/01/2020,06/24/2023
Appanoose County,Iowa,IA,19007,Noncore,12257,63,06/28/2023,01/01/2020,06/24/2023
Audubon County,Iowa,IA,19009,Noncore,5635,17,06/28/2023,01/01/2020,06/24/2023
Benton County,Iowa,IA,19011,Medium metro,25691,46,06/28/2023,01/01/2020,06/24/2023
Black Hawk County,Iowa,IA,19013,Small metro,130368,643,06/28/2023,01/01/2020,06/24/2023
Boone County,Iowa,IA,19015,Micropolitan,26723,41,06/28/2023,01/01/2020,06/24/2023
Bremer County,Iowa,IA,19017,Small metro,25081,81,06/28/2023,01/01/2020,06/24/2023
Buchanan County,Iowa,IA,19019,Noncore,20657,29,06/28/2023,01/01/2020,06/24/2023
Buena Vista County,Iowa,IA,19021,Micropolitan,20771,44,06/28/2023,01/01/2020,06/24/2023
Butler County,Iowa,IA,19023,Noncore,14332,28,06/28/2023,01/01/2020,06/24/2023
Calhoun County,Iowa,IA,19025,Noncore,9915,10,06/28/2023,01/01/2020,06/24/2023
Carroll County,Iowa,IA,19027,Noncore,20692,80,06/28/2023,01/01/2020,06/24/2023
Cass County,Iowa,IA,19029,Noncore,13050,73,06/28/2023,01/01/2020,06/24/2023
Cedar County,Iowa,IA,19031,Noncore,18410,27,06/28/2023,01/01/2020,06/24/2023
Cerro Gordo County,Iowa,IA,19033,Micropolitan,42706,302,06/28/2023,01/01/2020,06/24/2023
Cherokee County,Iowa,IA,19035,Noncore,11503,54,06/28/2023,01/01/2020,06/24/2023
Chickasaw County,Iowa,IA,19037,Noncore,11887,12,06/28/2023,01/01/2020,06/24/2023
Clarke County,Iowa,IA,19039,Noncore,9785,34,06/28/2023,01/01/2020,06/24/2023
Clay County,Iowa,IA,19041,Micropolitan,16440,37,06/28/2023,01/01/2020,06/24/2023
Clayton County,Iowa,IA,19043,Noncore,16998,62,06/28/2023,01/01/2020,06/24/2023
Clinton County,Iowa,IA,19045,Micropolitan,46463,166,06/28/2023,01/01/2020,06/24/2023
Crawford County,Iowa,IA,19047,Noncore,16193,45,06/28/2023,01/01/2020,06/24/2023
Dallas County,Iowa,IA,19049,Medium metro,103796,110,06/28/2023,01/01/2020,06/24/2023
Davis County,Iowa,IA,19051,Micropolitan,9138,26,06/28/2023,01/01/2020,06/24/2023
Decatur County,Iowa,IA,19053,Noncore,7659,19,06/28/2023,01/01/2020,06/24/2023
Delaware County,Iowa,IA,19055,Noncore,17510,52,06/28/2023,01/01/2020,06/24/2023
Des Moines County,Iowa,IA,19057,Micropolitan,38491,209,06/28/2023,01/01/2020,06/24/2023
Dickinson County,Iowa,IA,19059,Micropolitan,17851,58,06/28/2023,01/01/2020,06/24/2023
Dubuque County,Iowa,IA,19061,Small metro,98718,398,06/28/2023,01/01/2020,06/24/2023
Emmet County,Iowa,IA,19063,Noncore,9321,46,06/28/2023,01/01/2020,06/24/2023
Fayette County,Iowa,IA,19065,Noncore,19258,65,06/28/2023,01/01/2020,06/24/2023
Floyd County,Iowa,IA,19067,Noncore,15413,42,06/28/2023,01/01/2020,06/24/2023
Franklin County,Iowa,IA,19069,Noncore,9952,22,06/28/2023,01/01/2020,06/24/2023
Fremont County,Iowa,IA,19071,Noncore,6567,12,06/28/2023,01/01/2020,06/24/2023
Greene County,Iowa,IA,19073,Noncore,8717,17,06/28/2023,01/01/2020,06/24/2023
Grundy County,Iowa,IA,19075,Small metro,12347,41,06/28/2023,01/01/2020,06/24/2023
Guthrie County,Iowa,IA,19077,Medium metro,10567,22,06/28/2023,01/01/2020,06/24/2023
Hamilton County,Iowa,IA,19079,Noncore,14887,75,06/28/2023,01/01/2020,06/24/2023
Hancock County,Iowa,IA,19081,Noncore,10663,38,06/28/2023,01/01/2020,06/24/2023
Hardin County,Iowa,IA,19083,Noncore,16708,49,06/28/2023,01/01/2020,06/24/2023
Harrison County,Iowa,IA,19085,Medium metro,14669,80,06/28/2023,01/01/2020,06/24/2023
Henry County,Iowa,IA,19087,Noncore,20387,57,06/28/2023,01/01/2020,06/24/2023
Howard County,Iowa,IA,19089,Noncore,9478,37,06/28/2023,01/01/2020,06/24/2023
Humboldt County,Iowa,IA,19091,Noncore,9634,29,06/28/2023,01/01/2020,06/24/2023
Ida County,Iowa,IA,19093,Noncore,6956,41,06/28/2023,01/01/2020,06/24/2023
Iowa County,Iowa,IA,19095,Noncore,16568,35,06/28/2023,01/01/2020,06/24/2023
Jackson County,Iowa,IA,19097,Noncore,19368,43,06/28/2023,01/01/2020,06/24/2023
Jasper County,Iowa,IA,19099,Micropolitan,37764,64,06/28/2023,01/01/2020,06/24/2023
Jefferson County,Iowa,IA,19101,Micropolitan,15647,41,06/28/2023,01/01/2020,06/24/2023
Johnson County,Iowa,IA,19103,Small metro,154748,676,06/28/2023,01/01/2020,06/24/2023
Jones County,Iowa,IA,19105,Medium metro,20805,47,06/28/2023,01/01/2020,06/24/2023
Keokuk County,Iowa,IA,19107,Noncore,9914,34,06/28/2023,01/01/2020,06/24/2023
Kossuth County,Iowa,IA,19109,Noncore,14529,67,06/28/2023,01/01/2020,06/24/2023
Lee County,Iowa,IA,19111,Micropolitan,33215,98,06/28/2023,01/01/2020,06/24/2023
Linn County,Iowa,IA,19113,Medium metro,228939,822,06/28/2023,01/01/2020,06/24/2023
Louisa County,Iowa,IA,19115,Noncore,10749,31,06/28/2023,01/01/2020,06/24/2023
Lucas County,Iowa,IA,19117,Noncore,8710,24,06/28/2023,01/01/2020,06/24/2023
Lyon County,Iowa,IA,19119,Noncore,12011,35,06/28/2023,01/01/2020,06/24/2023
Madison County,Iowa,IA,19121,Medium metro,16773,30,06/28/2023,01/01/2020,06/24/2023
Mahaska County,Iowa,IA,19123,Micropolitan,21984,80,06/28/2023,01/01/2020,06/24/2023
Marion County,Iowa,IA,19125,Noncore,33380,107,06/28/2023,01/01/2020,06/24/2023
Marshall County,Iowa,IA,19127,Micropolitan,39853,94,06/28/2023,01/01/2020,06/24/2023
Mills County,Iowa,IA,19129,Medium metro,14465,,06/28/2023,01/01/2020,06/24/2023
Mitchell County,Iowa,IA,19131,Noncore,10555,45,06/28/2023,01/01/2020,06/24/2023
Monona County,Iowa,IA,19133,Noncore,8574,44,06/28/2023,01/01/2020,06/24/2023
Monroe County,Iowa,IA,19135,Noncore,7610,40,06/28/2023,01/01/2020,06/24/2023
Montgomery County,Iowa,IA,19137,Noncore,10322,50,06/28/2023,01/01/2020,06/24/2023
Muscatine County,Iowa,IA,19139,Micropolitan,42688,101,06/28/2023,01/01/2020,06/24/2023
O'Brien County,Iowa,IA,19141,Noncore,14015,51,06/28/2023,01/01/2020,06/24/2023
Osceola County,Iowa,IA,19143,Noncore,6159,16,06/28/2023,01/01/2020,06/24/2023
Page County,Iowa,IA,19145,Noncore,15197,31,06/28/2023,01/01/2020,06/24/2023
Palo Alto County,Iowa,IA,19147,Noncore,8906,33,06/28/2023,01/01/2020,06/24/2023
Plymouth County,Iowa,IA,19149,Small metro,25650,74,06/28/2023,01/01/2020,06/24/2023
Pocahontas County,Iowa,IA,19151,Noncore,7074,19,06/28/2023,01/01/2020,06/24/2023
Polk County,Iowa,IA,19153,Medium metro,496844,1899,06/28/2023,01/01/2020,06/24/2023
Pottawattamie County,Iowa,IA,19155,Medium metro,93304,361,06/28/2023,01/01/2020,06/24/2023
Poweshiek County,Iowa,IA,19157,Noncore,18586,63,06/28/2023,01/01/2020,06/24/2023
Ringgold County,Iowa,IA,19159,Noncore,4639,31,06/28/2023,01/01/2020,06/24/2023
Sac County,Iowa,IA,19161,Noncore,9752,20,06/28/2023,01/01/2020,06/24/2023
Scott County,Iowa,IA,19163,Medium metro,174170,540,06/28/2023,01/01/2020,06/24/2023
Shelby County,Iowa,IA,19165,Noncore,11770,50,06/28/2023,01/01/2020,06/24/2023
Sioux County,Iowa,IA,19167,Noncore,35893,67,06/28/2023,01/01/2020,06/24/2023
Story County,Iowa,IA,19169,Small metro,99472,181,06/28/2023,01/01/2020,06/24/2023
Tama County,Iowa,IA,19171,Noncore,16867,50,06/28/2023,01/01/2020,06/24/2023
Taylor County,Iowa,IA,19173,Noncore,5868,,06/28/2023,01/01/2020,06/24/2023
Union County,Iowa,IA,19175,Noncore,12018,44,06/28/2023,01/01/2020,06/24/2023
Van Buren County,Iowa,IA,19177,Noncore,7243,19,06/28/2023,01/01/2020,06/24/2023
Wapello County,Iowa,IA,19179,Micropolitan,35256,146,06/28/2023,01/01/2020,06/24/2023
Warren County,Iowa,IA,19181,Medium metro,53402,75,06/28/2023,01/01/2020,06/24/2023
Washington County,Iowa,IA,19183,Small metro,22491,67,06/28/2023,01/01/2020,06/24/2023
Wayne County,Iowa,IA,19185,Noncore,6508,31,06/28/2023,01/01/2020,06/24/2023
Webster County,Iowa,IA,19187,Micropolitan,37147,231,06/28/2023,01/01/2020,06/24/2023
Winnebago County,Iowa,IA,19189,Noncore,10656,23,06/28/2023,01/01/2020,06/24/2023
Winneshiek County,Iowa,IA,19191,Noncore,19892,48,06/28/2023,01/01/2020,06/24/2023
Woodbury County,Iowa,IA,19193,Small metro,105607,570,06/28/2023,01/01/2020,06/24/2023
Worth County,Iowa,IA,19195,Micropolitan,7385,,06/28/2023,01/01/2020,06/24/2023
Wright County,Iowa,IA,19197,Noncore,12785,50,06/28/2023,01/01/2020,06/24/2023
Allen County,Kansas,KS,20001,Noncore,12464,30,06/28/2023,01/01/2020,06/24/2023
Anderson County,Kansas,KS,20003,Noncore,7778,17,06/28/2023,01/01/2020,06/24/2023
Atchison County,Kansas,KS,20005,Micropolitan,16239,28,06/28/2023,01/01/2020,06/24/2023
Barber County,Kansas,KS,20007,Noncore,4110,10,06/28/2023,01/01/2020,06/24/2023
Barton County,Kansas,KS,20009,Micropolitan,25216,76,06/28/2023,01/01/2020,06/24/2023
Bourbon County,Kansas,KS,20011,Noncore,14323,20,06/28/2023,01/01/2020,06/24/2023
Brown County,Kansas,KS,20013,Noncore,9455,30,06/28/2023,01/01/2020,06/24/2023
Butler County,Kansas,KS,20015,Medium metro,67889,129,06/28/2023,01/01/2020,06/24/2023
Chase County,Kansas,KS,20017,Noncore,2598,,06/28/2023,01/01/2020,06/24/2023
Chautauqua County,Kansas,KS,20019,Noncore,3395,,06/28/2023,01/01/2020,06/24/2023
Cherokee County,Kansas,KS,20021,Noncore,19130,26,06/28/2023,01/01/2020,06/24/2023
Cheyenne County,Kansas,KS,20023,Noncore,2633,,06/28/2023,01/01/2020,06/24/2023
Clark County,Kansas,KS,20025,Noncore,1977,13,06/28/2023,01/01/2020,06/24/2023
Clay County,Kansas,KS,20027,Noncore,8077,37,06/28/2023,01/01/2020,06/24/2023
Cloud County,Kansas,KS,20029,Noncore,8928,40,06/28/2023,01/01/2020,06/24/2023
Coffey County,Kansas,KS,20031,Noncore,8338,32,06/28/2023,01/01/2020,06/24/2023
Comanche County,Kansas,KS,20033,Noncore,1670,14,06/28/2023,01/01/2020,06/24/2023
Cowley County,Kansas,KS,20035,Micropolitan,34496,124,06/28/2023,01/01/2020,06/24/2023
Crawford County,Kansas,KS,20037,Micropolitan,39110,196,06/28/2023,01/01/2020,06/24/2023
Decatur County,Kansas,KS,20039,Noncore,2751,10,06/28/2023,01/01/2020,06/24/2023
Dickinson County,Kansas,KS,20041,Noncore,18459,81,06/28/2023,01/01/2020,06/24/2023
Doniphan County,Kansas,KS,20043,Small metro,7471,23,06/28/2023,01/01/2020,06/24/2023
Douglas County,Kansas,KS,20045,Small metro,119363,174,06/28/2023,01/01/2020,06/24/2023
Edwards County,Kansas,KS,20047,Noncore,2832,12,06/28/2023,01/01/2020,06/24/2023
Elk County,Kansas,KS,20049,Noncore,2441,,06/28/2023,01/01/2020,06/24/2023
Ellis County,Kansas,KS,20051,Micropolitan,28790,193,06/28/2023,01/01/2020,06/24/2023
Ellsworth County,Kansas,KS,20053,Noncore,6336,25,06/28/2023,01/01/2020,06/24/2023
Finney County,Kansas,KS,20055,Micropolitan,38107,170,06/28/2023,01/01/2020,06/24/2023
Ford County,Kansas,KS,20057,Micropolitan,34159,105,06/28/2023,01/01/2020,06/24/2023
Franklin County,Kansas,KS,20059,Micropolitan,25986,61,06/28/2023,01/01/2020,06/24/2023
Geary County,Kansas,KS,20061,Micropolitan,35934,71,06/28/2023,01/01/2020,06/24/2023
Gove County,Kansas,KS,20063,Noncore,2755,23,06/28/2023,01/01/2020,06/24/2023
Graham County,Kansas,KS,20065,Noncore,2400,11,06/28/2023,01/01/2020,06/24/2023
Grant County,Kansas,KS,20067,Noncore,7324,17,06/28/2023,01/01/2020,06/24/2023
Gray County,Kansas,KS,20069,Noncore,5644,14,06/28/2023,01/01/2020,06/24/2023
Greeley County,Kansas,KS,20071,Noncore,1304,,06/28/2023,01/01/2020,06/24/2023
Greenwood County,Kansas,KS,20073,Noncore,5939,15,06/28/2023,01/01/2020,06/24/2023
Harper County,Kansas,KS,20077,Noncore,5331,18,06/28/2023,01/01/2020,06/24/2023
Harvey County,Kansas,KS,20079,Medium metro,33817,150,06/28/2023,01/01/2020,06/24/2023
Haskell County,Kansas,KS,20081,Noncore,3668,11,06/28/2023,01/01/2020,06/24/2023
Hodgeman County,Kansas,KS,20083,Noncore,1710,,06/28/2023,01/01/2020,06/24/2023
Jackson County,Kansas,KS,20085,Small metro,13261,10,06/28/2023,01/01/2020,06/24/2023
Jefferson County,Kansas,KS,20087,Small metro,18411,38,06/28/2023,01/01/2020,06/24/2023
Jewell County,Kansas,KS,20089,Noncore,2937,,06/28/2023,01/01/2020,06/24/2023
Johnson County,Kansas,KS,20091,Large fringe metro,613219,1598,06/28/2023,01/01/2020,06/24/2023
Kearny County,Kansas,KS,20093,Micropolitan,3891,16,06/28/2023,01/01/2020,06/24/2023
Kingman County,Kansas,KS,20095,Medium metro,7392,19,06/28/2023,01/01/2020,06/24/2023
Kiowa County,Kansas,KS,20097,Noncore,2392,,06/28/2023,01/01/2020,06/24/2023
Labette County,Kansas,KS,20099,Micropolitan,19912,105,06/28/2023,01/01/2020,06/24/2023
Lane County,Kansas,KS,20101,Noncore,1565,,06/28/2023,01/01/2020,06/24/2023
Leavenworth County,Kansas,KS,20103,Large fringe metro,82184,93,06/28/2023,01/01/2020,06/24/2023
Lincoln County,Kansas,KS,20105,Noncore,2903,,06/28/2023,01/01/2020,06/24/2023
Linn County,Kansas,KS,20107,Large fringe metro,9747,,06/28/2023,01/01/2020,06/24/2023
Logan County,Kansas,KS,20109,Noncore,2722,,06/28/2023,01/01/2020,06/24/2023
Lyon County,Kansas,KS,20111,Micropolitan,31998,108,06/28/2023,01/01/2020,06/24/2023
Marion County,Kansas,KS,20115,Noncore,11712,23,06/28/2023,01/01/2020,06/24/2023
Marshall County,Kansas,KS,20117,Noncore,9979,38,06/28/2023,01/01/2020,06/24/2023
McPherson County,Kansas,KS,20113,Micropolitan,30146,96,06/28/2023,01/01/2020,06/24/2023
Meade County,Kansas,KS,20119,Noncore,4022,13,06/28/2023,01/01/2020,06/24/2023
Miami County,Kansas,KS,20121,Large fringe metro,34593,33,06/28/2023,01/01/2020,06/24/2023
Mitchell County,Kansas,KS,20123,Noncore,5748,29,06/28/2023,01/01/2020,06/24/2023
Montgomery County,Kansas,KS,20125,Micropolitan,31156,132,06/28/2023,01/01/2020,06/24/2023
Morris County,Kansas,KS,20127,Noncore,5356,28,06/28/2023,01/01/2020,06/24/2023
Morton County,Kansas,KS,20129,Noncore,2692,,06/28/2023,01/01/2020,06/24/2023
Nemaha County,Kansas,KS,20131,Noncore,10216,60,06/28/2023,01/01/2020,06/24/2023
Neosho County,Kansas,KS,20133,Noncore,15784,64,06/28/2023,01/01/2020,06/24/2023
Ness County,Kansas,KS,20135,Noncore,2672,15,06/28/2023,01/01/2020,06/24/2023
Norton County,Kansas,KS,20137,Noncore,5342,37,06/28/2023,01/01/2020,06/24/2023
Osage County,Kansas,KS,20139,Small metro,15768,18,06/28/2023,01/01/2020,06/24/2023
Osborne County,Kansas,KS,20141,Noncore,3498,18,06/28/2023,01/01/2020,06/24/2023
Ottawa County,Kansas,KS,20143,Micropolitan,5838,15,06/28/2023,01/01/2020,06/24/2023
Pawnee County,Kansas,KS,20145,Noncore,6225,11,06/28/2023,01/01/2020,06/24/2023
Phillips County,Kansas,KS,20147,Noncore,4815,20,06/28/2023,01/01/2020,06/24/2023
Pottawatomie County,Kansas,KS,20149,Small metro,25790,47,06/28/2023,01/01/2020,06/24/2023
Pratt County,Kansas,KS,20151,Noncore,9181,56,06/28/2023,01/01/2020,06/24/2023
Rawlins County,Kansas,KS,20153,Noncore,2549,,06/28/2023,01/01/2020,06/24/2023
Reno County,Kansas,KS,20155,Micropolitan,61414,319,06/28/2023,01/01/2020,06/24/2023
Republic County,Kansas,KS,20157,Noncore,4662,18,06/28/2023,01/01/2020,06/24/2023
Rice County,Kansas,KS,20159,Noncore,9390,19,06/28/2023,01/01/2020,06/24/2023
Riley County,Kansas,KS,20161,Small metro,72208,128,06/28/2023,01/01/2020,06/24/2023
Rooks County,Kansas,KS,20163,Noncore,4831,19,06/28/2023,01/01/2020,06/24/2023
Rush County,Kansas,KS,20165,Noncore,2953,15,06/28/2023,01/01/2020,06/24/2023
Russell County,Kansas,KS,20167,Noncore,6703,24,06/28/2023,01/01/2020,06/24/2023
Saline County,Kansas,KS,20169,Micropolitan,53888,340,06/28/2023,01/01/2020,06/24/2023
Scott County,Kansas,KS,20171,Noncore,5131,29,06/28/2023,01/01/2020,06/24/2023
Sedgwick County,Kansas,KS,20173,Medium metro,523828,2184,06/28/2023,01/01/2020,06/24/2023
Seward County,Kansas,KS,20175,Micropolitan,21747,79,06/28/2023,01/01/2020,06/24/2023
Shawnee County,Kansas,KS,20177,Small metro,178264,970,06/28/2023,01/01/2020,06/24/2023
Sheridan County,Kansas,KS,20179,Noncore,2478,11,06/28/2023,01/01/2020,06/24/2023
Sherman County,Kansas,KS,20181,Noncore,5895,15,06/28/2023,01/01/2020,06/24/2023
Smith County,Kansas,KS,20183,Noncore,3576,10,06/28/2023,01/01/2020,06/24/2023
Stafford County,Kansas,KS,20185,Noncore,4034,20,06/28/2023,01/01/2020,06/24/2023
Stanton County,Kansas,KS,20187,Noncore,2044,12,06/28/2023,01/01/2020,06/24/2023
Stevens County,Kansas,KS,20189,Noncore,5293,12,06/28/2023,01/01/2020,06/24/2023
Sumner County,Kansas,KS,20191,Medium metro,22385,43,06/28/2023,01/01/2020,06/24/2023
Thomas County,Kansas,KS,20193,Noncore,7877,24,06/28/2023,01/01/2020,06/24/2023
Trego County,Kansas,KS,20195,Noncore,2793,13,06/28/2023,01/01/2020,06/24/2023
Wabaunsee County,Kansas,KS,20197,Small metro,6966,10,06/28/2023,01/01/2020,06/24/2023
Wallace County,Kansas,KS,20199,Noncore,1508,,06/28/2023,01/01/2020,06/24/2023
Washington County,Kansas,KS,20201,Noncore,5511,19,06/28/2023,01/01/2020,06/24/2023
Wichita County,Kansas,KS,20203,Noncore,2082,,06/28/2023,01/01/2020,06/24/2023
Wilson County,Kansas,KS,20205,Noncore,8526,33,06/28/2023,01/01/2020,06/24/2023
Woodson County,Kansas,KS,20207,Noncore,3102,,06/28/2023,01/01/2020,06/24/2023
Wyandotte County,Kansas,KS,20209,Large fringe metro,167046,883,06/28/2023,01/01/2020,06/24/2023
Adair County,Kentucky,KY,21001,Noncore,18932,42,06/28/2023,01/01/2020,06/24/2023
Allen County,Kentucky,KY,21003,Small metro,20797,55,06/28/2023,01/01/2020,06/24/2023
Anderson County,Kentucky,KY,21005,Micropolitan,24035,24,06/28/2023,01/01/2020,06/24/2023
Ballard County,Kentucky,KY,21007,Micropolitan,7695,15,06/28/2023,01/01/2020,06/24/2023
Barren County,Kentucky,KY,21009,Micropolitan,44544,345,06/28/2023,01/01/2020,06/24/2023
Bath County,Kentucky,KY,21011,Micropolitan,12778,14,06/28/2023,01/01/2020,06/24/2023
Bell County,Kentucky,KY,21013,Micropolitan,23858,146,06/28/2023,01/01/2020,06/24/2023
Boone County,Kentucky,KY,21015,Large fringe metro,137412,278,06/28/2023,01/01/2020,06/24/2023
Bourbon County,Kentucky,KY,21017,Medium metro,20229,62,06/28/2023,01/01/2020,06/24/2023
Boyd County,Kentucky,KY,21019,Medium metro,47899,625,06/28/2023,01/01/2020,06/24/2023
Boyle County,Kentucky,KY,21021,Micropolitan,30747,433,06/28/2023,01/01/2020,06/24/2023
Bracken County,Kentucky,KY,21023,Large fringe metro,8439,,06/28/2023,01/01/2020,06/24/2023
Breathitt County,Kentucky,KY,21025,Noncore,13553,57,06/28/2023,01/01/2020,06/24/2023
Breckinridge County,Kentucky,KY,21027,Noncore,20651,43,06/28/2023,01/01/2020,06/24/2023
Bullitt County,Kentucky,KY,21029,Large fringe metro,82918,89,06/28/2023,01/01/2020,06/24/2023
Butler County,Kentucky,KY,21031,Small metro,12294,12,06/28/2023,01/01/2020,06/24/2023
Caldwell County,Kentucky,KY,21033,Noncore,12624,30,06/28/2023,01/01/2020,06/24/2023
Calloway County,Kentucky,KY,21035,Micropolitan,37560,116,06/28/2023,01/01/2020,06/24/2023
Campbell County,Kentucky,KY,21037,Large fringe metro,93050,401,06/28/2023,01/01/2020,06/24/2023
Carlisle County,Kentucky,KY,21039,Noncore,4791,10,06/28/2023,01/01/2020,06/24/2023
Carroll County,Kentucky,KY,21041,Noncore,10863,21,06/28/2023,01/01/2020,06/24/2023
Carter County,Kentucky,KY,21043,Noncore,26412,39,06/28/2023,01/01/2020,06/24/2023
Casey County,Kentucky,KY,21045,Noncore,15866,30,06/28/2023,01/01/2020,06/24/2023
Christian County,Kentucky,KY,21047,Medium metro,72357,197,06/28/2023,01/01/2020,06/24/2023
Clark County,Kentucky,KY,21049,Medium metro,36871,116,06/28/2023,01/01/2020,06/24/2023
Clay County,Kentucky,KY,21051,Noncore,20206,78,06/28/2023,01/01/2020,06/24/2023
Clinton County,Kentucky,KY,21053,Noncore,9265,31,06/28/2023,01/01/2020,06/24/2023
Crittenden County,Kentucky,KY,21055,Noncore,8947,29,06/28/2023,01/01/2020,06/24/2023
Cumberland County,Kentucky,KY,21057,Noncore,5879,34,06/28/2023,01/01/2020,06/24/2023
Daviess County,Kentucky,KY,21059,Small metro,103063,718,06/28/2023,01/01/2020,06/24/2023
Edmonson County,Kentucky,KY,21061,Small metro,12291,28,06/28/2023,01/01/2020,06/24/2023
Elliott County,Kentucky,KY,21063,Noncore,7381,14,06/28/2023,01/01/2020,06/24/2023
Estill County,Kentucky,KY,21065,Noncore,14092,31,06/28/2023,01/01/2020,06/24/2023
Fayette County,Kentucky,KY,21067,Medium metro,321793,1821,06/28/2023,01/01/2020,06/24/2023
Fleming County,Kentucky,KY,21069,Noncore,15224,35,06/28/2023,01/01/2020,06/24/2023
Floyd County,Kentucky,KY,21071,Noncore,35274,210,06/28/2023,01/01/2020,06/24/2023
Franklin County,Kentucky,KY,21073,Micropolitan,51682,236,06/28/2023,01/01/2020,06/24/2023
Fulton County,Kentucky,KY,21075,Micropolitan,6512,,06/28/2023,01/01/2020,06/24/2023
Gallatin County,Kentucky,KY,21077,Large fringe metro,8775,21,06/28/2023,01/01/2020,06/24/2023
Garrard County,Kentucky,KY,21079,Noncore,17362,56,06/28/2023,01/01/2020,06/24/2023
Grant County,Kentucky,KY,21081,Large fringe metro,25244,18,06/28/2023,01/01/2020,06/24/2023
Graves County,Kentucky,KY,21083,Micropolitan,36615,186,06/28/2023,01/01/2020,06/24/2023
Grayson County,Kentucky,KY,21085,Noncore,26524,93,06/28/2023,01/01/2020,06/24/2023
Green County,Kentucky,KY,21087,Noncore,11291,36,06/28/2023,01/01/2020,06/24/2023
Greenup County,Kentucky,KY,21089,Medium metro,35649,58,06/28/2023,01/01/2020,06/24/2023
Hancock County,Kentucky,KY,21091,Small metro,9064,,06/28/2023,01/01/2020,06/24/2023
Hardin County,Kentucky,KY,21093,Small metro,111607,644,06/28/2023,01/01/2020,06/24/2023
Harlan County,Kentucky,KY,21095,Noncore,26164,121,06/28/2023,01/01/2020,06/24/2023
Harrison County,Kentucky,KY,21097,Noncore,18950,95,06/28/2023,01/01/2020,06/24/2023
Hart County,Kentucky,KY,21099,Noncore,19460,34,06/28/2023,01/01/2020,06/24/2023
Henderson County,Kentucky,KY,21101,Medium metro,44329,129,06/28/2023,01/01/2020,06/24/2023
Henry County,Kentucky,KY,21103,Large fringe metro,15657,19,06/28/2023,01/01/2020,06/24/2023
Hickman County,Kentucky,KY,21105,Noncore,4424,13,06/28/2023,01/01/2020,06/24/2023
Hopkins County,Kentucky,KY,21107,Micropolitan,45138,319,06/28/2023,01/01/2020,06/24/2023
Jackson County,Kentucky,KY,21109,Noncore,12984,13,06/28/2023,01/01/2020,06/24/2023
Jefferson County,Kentucky,KY,21111,Large central metro,777874,4112,06/28/2023,01/01/2020,06/24/2023
Jessamine County,Kentucky,KY,21113,Medium metro,53626,77,06/28/2023,01/01/2020,06/24/2023
Johnson County,Kentucky,KY,21115,Noncore,22556,86,06/28/2023,01/01/2020,06/24/2023
Kenton County,Kentucky,KY,21117,Large fringe metro,169495,585,06/28/2023,01/01/2020,06/24/2023
Knott County,Kentucky,KY,21119,Noncore,14053,22,06/28/2023,01/01/2020,06/24/2023
Knox County,Kentucky,KY,21121,Micropolitan,29909,100,06/28/2023,01/01/2020,06/24/2023
Larue County,Kentucky,KY,21123,Small metro,15028,38,06/28/2023,01/01/2020,06/24/2023
Laurel County,Kentucky,KY,21125,Micropolitan,62561,343,06/28/2023,01/01/2020,06/24/2023
Lawrence County,Kentucky,KY,21127,Noncore,16290,78,06/28/2023,01/01/2020,06/24/2023
Lee County,Kentucky,KY,21129,Noncore,7451,32,06/28/2023,01/01/2020,06/24/2023
Leslie County,Kentucky,KY,21131,Noncore,10278,27,06/28/2023,01/01/2020,06/24/2023
Letcher County,Kentucky,KY,21133,Noncore,21253,107,06/28/2023,01/01/2020,06/24/2023
Lewis County,Kentucky,KY,21135,Noncore,12987,25,06/28/2023,01/01/2020,06/24/2023
Lincoln County,Kentucky,KY,21137,Micropolitan,24243,61,06/28/2023,01/01/2020,06/24/2023
Livingston County,Kentucky,KY,21139,Micropolitan,8959,32,06/28/2023,01/01/2020,06/24/2023
Logan County,Kentucky,KY,21141,Noncore,27771,59,06/28/2023,01/01/2020,06/24/2023
Lyon County,Kentucky,KY,21143,Noncore,8803,,06/28/2023,01/01/2020,06/24/2023
Madison County,Kentucky,KY,21151,Micropolitan,94666,286,06/28/2023,01/01/2020,06/24/2023
Magoffin County,Kentucky,KY,21153,Noncore,11497,14,06/28/2023,01/01/2020,06/24/2023
Marion County,Kentucky,KY,21155,Noncore,19725,81,06/28/2023,01/01/2020,06/24/2023
Marshall County,Kentucky,KY,21157,Noncore,31748,56,06/28/2023,01/01/2020,06/24/2023
Martin County,Kentucky,KY,21159,Noncore,11140,13,06/28/2023,01/01/2020,06/24/2023
Mason County,Kentucky,KY,21161,Micropolitan,16931,152,06/28/2023,01/01/2020,06/24/2023
McCracken County,Kentucky,KY,21145,Micropolitan,67454,761,06/28/2023,01/01/2020,06/24/2023
McCreary County,Kentucky,KY,21147,Noncore,16892,17,06/28/2023,01/01/2020,06/24/2023
McLean County,Kentucky,KY,21149,Small metro,9100,15,06/28/2023,01/01/2020,06/24/2023
Meade County,Kentucky,KY,21163,Small metro,30131,32,06/28/2023,01/01/2020,06/24/2023
Menifee County,Kentucky,KY,21165,Micropolitan,6194,13,06/28/2023,01/01/2020,06/24/2023
Mercer County,Kentucky,KY,21167,Noncore,22850,53,06/28/2023,01/01/2020,06/24/2023
Metcalfe County,Kentucky,KY,21169,Micropolitan,10349,21,06/28/2023,01/01/2020,06/24/2023
Monroe County,Kentucky,KY,21171,Noncore,11233,49,06/28/2023,01/01/2020,06/24/2023
Montgomery County,Kentucky,KY,21173,Micropolitan,28219,89,06/28/2023,01/01/2020,06/24/2023
Morgan County,Kentucky,KY,21175,Noncore,13820,24,06/28/2023,01/01/2020,06/24/2023
Muhlenberg County,Kentucky,KY,21177,Noncore,30694,58,06/28/2023,01/01/2020,06/24/2023
Nelson County,Kentucky,KY,21179,Micropolitan,47098,88,06/28/2023,01/01/2020,06/24/2023
Nicholas County,Kentucky,KY,21181,Noncore,7712,13,06/28/2023,01/01/2020,06/24/2023
Ohio County,Kentucky,KY,21183,Noncore,23688,62,06/28/2023,01/01/2020,06/24/2023
Oldham County,Kentucky,KY,21185,Large fringe metro,68685,104,06/28/2023,01/01/2020,06/24/2023
Owen County,Kentucky,KY,21187,Noncore,11294,20,06/28/2023,01/01/2020,06/24/2023
Owsley County,Kentucky,KY,21189,Noncore,3953,11,06/28/2023,01/01/2020,06/24/2023
Pendleton County,Kentucky,KY,21191,Large fringe metro,14607,16,06/28/2023,01/01/2020,06/24/2023
Perry County,Kentucky,KY,21193,Noncore,27929,463,06/28/2023,01/01/2020,06/24/2023
Pike County,Kentucky,KY,21195,Noncore,57391,750,06/28/2023,01/01/2020,06/24/2023
Powell County,Kentucky,KY,21197,Noncore,13133,15,06/28/2023,01/01/2020,06/24/2023
Pulaski County,Kentucky,KY,21199,Micropolitan,65423,468,06/28/2023,01/01/2020,06/24/2023
Robertson County,Kentucky,KY,21201,Noncore,2257,10,06/28/2023,01/01/2020,06/24/2023
Rockcastle County,Kentucky,KY,21203,Micropolitan,16115,129,06/28/2023,01/01/2020,06/24/2023
Rowan County,Kentucky,KY,21205,Noncore,24861,180,06/28/2023,01/01/2020,06/24/2023
Russell County,Kentucky,KY,21207,Noncore,18156,84,06/28/2023,01/01/2020,06/24/2023
Scott County,Kentucky,KY,21209,Medium metro,58252,99,06/28/2023,01/01/2020,06/24/2023
Shelby County,Kentucky,KY,21211,Large fringe metro,48461,95,06/28/2023,01/01/2020,06/24/2023
Simpson County,Kentucky,KY,21213,Noncore,19718,44,06/28/2023,01/01/2020,06/24/2023
Spencer County,Kentucky,KY,21215,Large fringe metro,19916,18,06/28/2023,01/01/2020,06/24/2023
Taylor County,Kentucky,KY,21217,Micropolitan,26235,113,06/28/2023,01/01/2020,06/24/2023
Todd County,Kentucky,KY,21219,Noncore,12285,13,06/28/2023,01/01/2020,06/24/2023
Trigg County,Kentucky,KY,21221,Medium metro,14192,19,06/28/2023,01/01/2020,06/24/2023
Trimble County,Kentucky,KY,21223,Large fringe metro,8530,,06/28/2023,01/01/2020,06/24/2023
Union County,Kentucky,KY,21225,Noncore,13544,19,06/28/2023,01/01/2020,06/24/2023
Warren County,Kentucky,KY,21227,Small metro,137212,888,06/28/2023,01/01/2020,06/24/2023
Washington County,Kentucky,KY,21229,Noncore,12072,35,06/28/2023,01/01/2020,06/24/2023
Wayne County,Kentucky,KY,21231,Noncore,19540,57,06/28/2023,01/01/2020,06/24/2023
Webster County,Kentucky,KY,21233,Noncore,12813,10,06/28/2023,01/01/2020,06/24/2023
Whitley County,Kentucky,KY,21235,Micropolitan,36939,335,06/28/2023,01/01/2020,06/24/2023
Wolfe County,Kentucky,KY,21237,Noncore,6507,,06/28/2023,01/01/2020,06/24/2023
Woodford County,Kentucky,KY,21239,Medium metro,27075,29,06/28/2023,01/01/2020,06/24/2023
Acadia Parish,Louisiana,LA,22001,Medium metro,57288,166,06/28/2023,01/01/2020,06/24/2023
Allen Parish,Louisiana,LA,22003,Noncore,22687,76,06/28/2023,01/01/2020,06/24/2023
Ascension Parish,Louisiana,LA,22005,Medium metro,128369,112,06/28/2023,01/01/2020,06/24/2023
Assumption Parish,Louisiana,LA,22007,Noncore,20689,16,06/28/2023,01/01/2020,06/24/2023
Avoyelles Parish,Louisiana,LA,22009,Noncore,39236,77,06/28/2023,01/01/2020,06/24/2023
Beauregard Parish,Louisiana,LA,22011,Micropolitan,36584,79,06/28/2023,01/01/2020,06/24/2023
Bienville Parish,Louisiana,LA,22013,Noncore,12776,19,06/28/2023,01/01/2020,06/24/2023
Bossier Parish,Louisiana,LA,22015,Medium metro,129144,392,06/28/2023,01/01/2020,06/24/2023
Caddo Parish,Louisiana,LA,22017,Medium metro,233092,2019,06/28/2023,01/01/2020,06/24/2023
Calcasieu Parish,Louisiana,LA,22019,Small metro,205282,737,06/28/2023,01/01/2020,06/24/2023
Caldwell Parish,Louisiana,LA,22021,Noncore,9571,30,06/28/2023,01/01/2020,06/24/2023
Cameron Parish,Louisiana,LA,22023,Small metro,5080,,06/28/2023,01/01/2020,06/24/2023
Catahoula Parish,Louisiana,LA,22025,Noncore,8805,13,06/28/2023,01/01/2020,06/24/2023
Claiborne Parish,Louisiana,LA,22027,Noncore,14038,54,06/28/2023,01/01/2020,06/24/2023
Concordia Parish,Louisiana,LA,22029,Micropolitan,18376,36,06/28/2023,01/01/2020,06/24/2023
De Soto Parish,Louisiana,LA,22031,Medium metro,26919,39,06/28/2023,01/01/2020,06/24/2023
East Baton Rouge Parish,Louisiana,LA,22033,Medium metro,453301,2440,06/28/2023,01/01/2020,06/24/2023
East Carroll Parish,Louisiana,LA,22035,Noncore,7220,,06/28/2023,01/01/2020,06/24/2023
East Feliciana Parish,Louisiana,LA,22037,Medium metro,19338,49,06/28/2023,01/01/2020,06/24/2023
Evangeline Parish,Louisiana,LA,22039,Noncore,32215,106,06/28/2023,01/01/2020,06/24/2023
Franklin Parish,Louisiana,LA,22041,Noncore,19668,67,06/28/2023,01/01/2020,06/24/2023
Grant Parish,Louisiana,LA,22043,Small metro,22236,31,06/28/2023,01/01/2020,06/24/2023
Iberia Parish,Louisiana,LA,22045,Medium metro,68975,167,06/28/2023,01/01/2020,06/24/2023
Iberville Parish,Louisiana,LA,22047,Medium metro,29824,27,06/28/2023,01/01/2020,06/24/2023
Jackson Parish,Louisiana,LA,22049,Noncore,14876,24,06/28/2023,01/01/2020,06/24/2023
Jefferson Davis Parish,Louisiana,LA,22053,Noncore,32345,120,06/28/2023,01/01/2020,06/24/2023
Jefferson Parish,Louisiana,LA,22051,Large fringe metro,433688,2000,06/28/2023,01/01/2020,06/24/2023
La Salle Parish,Louisiana,LA,22059,Noncore,14834,54,06/28/2023,01/01/2020,06/24/2023
Lafayette Parish,Louisiana,LA,22055,Medium metro,244205,953,06/28/2023,01/01/2020,06/24/2023
Lafourche Parish,Louisiana,LA,22057,Small metro,97504,398,06/28/2023,01/01/2020,06/24/2023
Lincoln Parish,Louisiana,LA,22061,Micropolitan,48152,152,06/28/2023,01/01/2020,06/24/2023
Livingston Parish,Louisiana,LA,22063,Medium metro,145830,80,06/28/2023,01/01/2020,06/24/2023
Madison Parish,Louisiana,LA,22065,Noncore,9799,17,06/28/2023,01/01/2020,06/24/2023
Morehouse Parish,Louisiana,LA,22067,Micropolitan,25025,56,06/28/2023,01/01/2020,06/24/2023
Natchitoches Parish,Louisiana,LA,22069,Micropolitan,37026,149,06/28/2023,01/01/2020,06/24/2023
Orleans Parish,Louisiana,LA,22071,Large central metro,376971,990,06/28/2023,01/01/2020,06/24/2023
Ouachita Parish,Louisiana,LA,22073,Small metro,158768,1259,06/28/2023,01/01/2020,06/24/2023
Plaquemines Parish,Louisiana,LA,22075,Large fringe metro,23303,,06/28/2023,01/01/2020,06/24/2023
Pointe Coupee Parish,Louisiana,LA,22077,Medium metro,20356,42,06/28/2023,01/01/2020,06/24/2023
Rapides Parish,Louisiana,LA,22079,Small metro,128654,932,06/28/2023,01/01/2020,06/24/2023
Red River Parish,Louisiana,LA,22081,Noncore,7564,35,06/28/2023,01/01/2020,06/24/2023
Richland Parish,Louisiana,LA,22083,Noncore,19805,42,06/28/2023,01/01/2020,06/24/2023
Sabine Parish,Louisiana,LA,22085,Noncore,22135,45,06/28/2023,01/01/2020,06/24/2023
St. Bernard Parish,Louisiana,LA,22087,Large fringe metro,44258,54,06/28/2023,01/01/2020,06/24/2023
St. Charles Parish,Louisiana,LA,22089,Large fringe metro,52282,73,06/28/2023,01/01/2020,06/24/2023
St. Helena Parish,Louisiana,LA,22091,Medium metro,10912,,06/28/2023,01/01/2020,06/24/2023
St. James Parish,Louisiana,LA,22093,Large fringe metro,19742,33,06/28/2023,01/01/2020,06/24/2023
St. John the Baptist Parish,Louisiana,LA,22095,Large fringe metro,42094,45,06/28/2023,01/01/2020,06/24/2023
St. Landry Parish,Louisiana,LA,22097,Micropolitan,82071,343,06/28/2023,01/01/2020,06/24/2023
St. Martin Parish,Louisiana,LA,22099,Medium metro,51540,45,06/28/2023,01/01/2020,06/24/2023
St. Mary Parish,Louisiana,LA,22101,Micropolitan,48232,198,06/28/2023,01/01/2020,06/24/2023
St. Tammany Parish,Louisiana,LA,22103,Large fringe metro,269388,1056,06/28/2023,01/01/2020,06/24/2023
Tangipahoa Parish,Louisiana,LA,22105,Small metro,135217,630,06/28/2023,01/01/2020,06/24/2023
Tensas Parish,Louisiana,LA,22107,Noncore,4043,,06/28/2023,01/01/2020,06/24/2023
Terrebonne Parish,Louisiana,LA,22109,Small metro,108708,326,06/28/2023,01/01/2020,06/24/2023
Union Parish,Louisiana,LA,22111,Small metro,21091,58,06/28/2023,01/01/2020,06/24/2023
Vermilion Parish,Louisiana,LA,22113,Medium metro,57204,101,06/28/2023,01/01/2020,06/24/2023
Vernon Parish,Louisiana,LA,22115,Micropolitan,48027,97,06/28/2023,01/01/2020,06/24/2023
Washington Parish,Louisiana,LA,22117,Micropolitan,45133,145,06/28/2023,01/01/2020,06/24/2023
Webster Parish,Louisiana,LA,22119,Medium metro,36184,116,06/28/2023,01/01/2020,06/24/2023
West Baton Rouge Parish,Louisiana,LA,22121,Medium metro,27792,21,06/28/2023,01/01/2020,06/24/2023
West Carroll Parish,Louisiana,LA,22123,Noncore,9594,39,06/28/2023,01/01/2020,06/24/2023
West Feliciana Parish,Louisiana,LA,22125,Medium metro,15494,15,06/28/2023,01/01/2020,06/24/2023
Winn Parish,Louisiana,LA,22127,Noncore,13488,49,06/28/2023,01/01/2020,06/24/2023
Androscoggin County,Maine,ME,23001,Small metro,111034,433,06/28/2023,01/01/2020,06/24/2023
Aroostook County,Maine,ME,23003,Noncore,66859,174,06/28/2023,01/01/2020,06/24/2023
Cumberland County,Maine,ME,23005,Medium metro,305231,771,06/28/2023,01/01/2020,06/24/2023
Franklin County,Maine,ME,23007,Noncore,29687,64,06/28/2023,01/01/2020,06/24/2023
Hancock County,Maine,ME,23009,Noncore,56192,92,06/28/2023,01/01/2020,06/24/2023
Kennebec County,Maine,ME,23011,Micropolitan,124486,320,06/28/2023,01/01/2020,06/24/2023
Knox County,Maine,ME,23013,Noncore,41084,46,06/28/2023,01/01/2020,06/24/2023
Lincoln County,Maine,ME,23015,Noncore,35828,28,06/28/2023,01/01/2020,06/24/2023
Oxford County,Maine,ME,23017,Noncore,58629,134,06/28/2023,01/01/2020,06/24/2023
Penobscot County,Maine,ME,23019,Small metro,152765,535,06/28/2023,01/01/2020,06/24/2023
Piscataquis County,Maine,ME,23021,Noncore,17165,50,06/28/2023,01/01/2020,06/24/2023
Sagadahoc County,Maine,ME,23023,Medium metro,37071,21,06/28/2023,01/01/2020,06/24/2023
Somerset County,Maine,ME,23025,Noncore,50592,95,06/28/2023,01/01/2020,06/24/2023
Waldo County,Maine,ME,23027,Noncore,39912,56,06/28/2023,01/01/2020,06/24/2023
Washington County,Maine,ME,23029,Noncore,31121,37,06/28/2023,01/01/2020,06/24/2023
York County,Maine,ME,23031,Medium metro,214591,325,06/28/2023,01/01/2020,06/24/2023
Allegany County,Maryland,MD,24001,Small metro,67729,509,06/28/2023,01/01/2020,06/24/2023
Anne Arundel County,Maryland,MD,24003,Large fringe metro,590336,1362,06/28/2023,01/01/2020,06/24/2023
Baltimore County,Maryland,MD,24005,Large fringe metro,849316,2633,06/28/2023,01/01/2020,06/24/2023
Baltimore city,Maryland,MD,24510,Large central metro,576498,2813,06/28/2023,01/01/2020,06/24/2023
Calvert County,Maryland,MD,24009,Large fringe metro,93928,159,06/28/2023,01/01/2020,06/24/2023
Caroline County,Maryland,MD,24011,Noncore,33386,33,06/28/2023,01/01/2020,06/24/2023
Carroll County,Maryland,MD,24013,Large fringe metro,173873,511,06/28/2023,01/01/2020,06/24/2023
Cecil County,Maryland,MD,24015,Large fringe metro,103905,287,06/28/2023,01/01/2020,06/24/2023
Charles County,Maryland,MD,24017,Large fringe metro,168698,359,06/28/2023,01/01/2020,06/24/2023
Dorchester County,Maryland,MD,24019,Micropolitan,32489,51,06/28/2023,01/01/2020,06/24/2023
Frederick County,Maryland,MD,24021,Large fringe metro,279835,591,06/28/2023,01/01/2020,06/24/2023
Garrett County,Maryland,MD,24023,Noncore,28702,139,06/28/2023,01/01/2020,06/24/2023
Harford County,Maryland,MD,24025,Large fringe metro,262977,636,06/28/2023,01/01/2020,06/24/2023
Howard County,Maryland,MD,24027,Large fringe metro,334529,413,06/28/2023,01/01/2020,06/24/2023
Kent County,Maryland,MD,24029,Noncore,19270,55,06/28/2023,01/01/2020,06/24/2023
Montgomery County,Maryland,MD,24031,Large fringe metro,1054827,3252,06/28/2023,01/01/2020,06/24/2023
Prince George's County,Maryland,MD,24033,Large fringe metro,955306,2135,06/28/2023,01/01/2020,06/24/2023
Queen Anne's County,Maryland,MD,24035,Large fringe metro,50798,54,06/28/2023,01/01/2020,06/24/2023
Somerset County,Maryland,MD,24039,Medium metro,24584,20,06/28/2023,01/01/2020,06/24/2023
St. Mary's County,Maryland,MD,24037,Small metro,114468,261,06/28/2023,01/01/2020,06/24/2023
Talbot County,Maryland,MD,24041,Micropolitan,37626,166,06/28/2023,01/01/2020,06/24/2023
Washington County,Maryland,MD,24043,Medium metro,154937,713,06/28/2023,01/01/2020,06/24/2023
Wicomico County,Maryland,MD,24045,Medium metro,103980,611,06/28/2023,01/01/2020,06/24/2023
Worcester County,Maryland,MD,24047,Medium metro,53132,196,06/28/2023,01/01/2020,06/24/2023
Barnstable County,Massachusetts,MA,25001,Small metro,232411,594,06/28/2023,01/01/2020,06/24/2023
Berkshire County,Massachusetts,MA,25003,Small metro,128657,411,06/28/2023,01/01/2020,06/24/2023
Bristol County,Massachusetts,MA,25005,Large fringe metro,580164,2025,06/28/2023,01/01/2020,06/24/2023
Dukes County,Massachusetts,MA,25007,Micropolitan,21097,,06/28/2023,01/01/2020,06/24/2023
Essex County,Massachusetts,MA,25009,Large fringe metro,807074,2598,06/28/2023,01/01/2020,06/24/2023
Franklin County,Massachusetts,MA,25011,Micropolitan,71015,103,06/28/2023,01/01/2020,06/24/2023
Hampden County,Massachusetts,MA,25013,Medium metro,462718,1959,06/28/2023,01/01/2020,06/24/2023
Hampshire County,Massachusetts,MA,25015,Medium metro,161572,297,06/28/2023,01/01/2020,06/24/2023
Middlesex County,Massachusetts,MA,25017,Large fringe metro,1614742,4200,06/28/2023,01/01/2020,06/24/2023
Nantucket County,Massachusetts,MA,25019,Noncore,14491,,06/28/2023,01/01/2020,06/24/2023
Norfolk County,Massachusetts,MA,25021,Large fringe metro,724505,1572,06/28/2023,01/01/2020,06/24/2023
Plymouth County,Massachusetts,MA,25023,Large fringe metro,533003,1482,06/28/2023,01/01/2020,06/24/2023
Suffolk County,Massachusetts,MA,25025,Large central metro,771245,3058,06/28/2023,01/01/2020,06/24/2023
Worcester County,Massachusetts,MA,25027,Medium metro,862029,2744,06/28/2023,01/01/2020,06/24/2023
Alcona County,Michigan,MI,26001,Noncore,10235,22,06/28/2023,01/01/2020,06/24/2023
Alger County,Michigan,MI,26003,Noncore,8821,13,06/28/2023,01/01/2020,06/24/2023
Allegan County,Michigan,MI,26005,Micropolitan,120950,165,06/28/2023,01/01/2020,06/24/2023
Alpena County,Michigan,MI,26007,Micropolitan,28893,199,06/28/2023,01/01/2020,06/24/2023
Antrim County,Michigan,MI,26009,Noncore,23813,17,06/28/2023,01/01/2020,06/24/2023
Arenac County,Michigan,MI,26011,Noncore,14975,45,06/28/2023,01/01/2020,06/24/2023
Baraga County,Michigan,MI,26013,Noncore,8215,41,06/28/2023,01/01/2020,06/24/2023
Barry County,Michigan,MI,26015,Large fringe metro,62992,83,06/28/2023,01/01/2020,06/24/2023
Bay County,Michigan,MI,26017,Small metro,102985,661,06/28/2023,01/01/2020,06/24/2023
Benzie County,Michigan,MI,26019,Micropolitan,18223,29,06/28/2023,01/01/2020,06/24/2023
Berrien County,Michigan,MI,26021,Small metro,153101,622,06/28/2023,01/01/2020,06/24/2023
Branch County,Michigan,MI,26023,Micropolitan,44985,126,06/28/2023,01/01/2020,06/24/2023
Calhoun County,Michigan,MI,26025,Small metro,133819,535,06/28/2023,01/01/2020,06/24/2023
Cass County,Michigan,MI,26027,Medium metro,51483,70,06/28/2023,01/01/2020,06/24/2023
Charlevoix County,Michigan,MI,26029,Noncore,26086,37,06/28/2023,01/01/2020,06/24/2023
Cheboygan County,Michigan,MI,26031,Noncore,25752,66,06/28/2023,01/01/2020,06/24/2023
Chippewa County,Michigan,MI,26033,Micropolitan,36816,95,06/28/2023,01/01/2020,06/24/2023
Clare County,Michigan,MI,26035,Noncore,31065,91,06/28/2023,01/01/2020,06/24/2023
Clinton County,Michigan,MI,26037,Medium metro,79426,72,06/28/2023,01/01/2020,06/24/2023
Crawford County,Michigan,MI,26039,Noncore,13204,105,06/28/2023,01/01/2020,06/24/2023
Delta County,Michigan,MI,26041,Micropolitan,36826,143,06/28/2023,01/01/2020,06/24/2023
Dickinson County,Michigan,MI,26043,Micropolitan,25787,131,06/28/2023,01/01/2020,06/24/2023
Eaton County,Michigan,MI,26045,Medium metro,108944,140,06/28/2023,01/01/2020,06/24/2023
Emmet County,Michigan,MI,26047,Noncore,34225,211,06/28/2023,01/01/2020,06/24/2023
Genesee County,Michigan,MI,26049,Medium metro,404208,1817,06/28/2023,01/01/2020,06/24/2023
Gladwin County,Michigan,MI,26051,Noncore,25485,51,06/28/2023,01/01/2020,06/24/2023
Gogebic County,Michigan,MI,26053,Noncore,14361,56,06/28/2023,01/01/2020,06/24/2023
Grand Traverse County,Michigan,MI,26055,Micropolitan,95860,518,06/28/2023,01/01/2020,06/24/2023
Gratiot County,Michigan,MI,26057,Micropolitan,41544,208,06/28/2023,01/01/2020,06/24/2023
Hillsdale County,Michigan,MI,26059,Micropolitan,45546,120,06/28/2023,01/01/2020,06/24/2023
Houghton County,Michigan,MI,26061,Micropolitan,37313,93,06/28/2023,01/01/2020,06/24/2023
Huron County,Michigan,MI,26063,Noncore,31252,80,06/28/2023,01/01/2020,06/24/2023
Ingham County,Michigan,MI,26065,Medium metro,284034,1247,06/28/2023,01/01/2020,06/24/2023
Ionia County,Michigan,MI,26067,Micropolitan,67197,69,06/28/2023,01/01/2020,06/24/2023
Iosco County,Michigan,MI,26069,Noncore,25369,117,06/28/2023,01/01/2020,06/24/2023
Iron County,Michigan,MI,26071,Noncore,11635,86,06/28/2023,01/01/2020,06/24/2023
Isabella County,Michigan,MI,26073,Micropolitan,64813,159,06/28/2023,01/01/2020,06/24/2023
Jackson County,Michigan,MI,26075,Small metro,160050,651,06/28/2023,01/01/2020,06/24/2023
Kalamazoo County,Michigan,MI,26077,Medium metro,261108,1236,06/28/2023,01/01/2020,06/24/2023
Kalkaska County,Michigan,MI,26079,Micropolitan,17979,21,06/28/2023,01/01/2020,06/24/2023
Kent County,Michigan,MI,26081,Large central metro,658046,2291,06/28/2023,01/01/2020,06/24/2023
Keweenaw County,Michigan,MI,26083,Micropolitan,2107,,06/28/2023,01/01/2020,06/24/2023
Lake County,Michigan,MI,26085,Noncore,12308,14,06/28/2023,01/01/2020,06/24/2023
Lapeer County,Michigan,MI,26087,Large fringe metro,88513,367,06/28/2023,01/01/2020,06/24/2023
Leelanau County,Michigan,MI,26089,Micropolitan,22623,21,06/28/2023,01/01/2020,06/24/2023
Lenawee County,Michigan,MI,26091,Micropolitan,98956,250,06/28/2023,01/01/2020,06/24/2023
Livingston County,Michigan,MI,26093,Large fringe metro,195014,235,06/28/2023,01/01/2020,06/24/2023
Luce County,Michigan,MI,26095,Noncore,5309,20,06/28/2023,01/01/2020,06/24/2023
Mackinac County,Michigan,MI,26097,Noncore,10906,15,06/28/2023,01/01/2020,06/24/2023
Macomb County,Michigan,MI,26099,Large fringe metro,876792,2904,06/28/2023,01/01/2020,06/24/2023
Manistee County,Michigan,MI,26101,Noncore,25350,60,06/28/2023,01/01/2020,06/24/2023
Marquette County,Michigan,MI,26103,Micropolitan,66103,253,06/28/2023,01/01/2020,06/24/2023
Mason County,Michigan,MI,26105,Micropolitan,29383,87,06/28/2023,01/01/2020,06/24/2023
Mecosta County,Michigan,MI,26107,Micropolitan,40031,106,06/28/2023,01/01/2020,06/24/2023
Menominee County,Michigan,MI,26109,Micropolitan,23299,41,06/28/2023,01/01/2020,06/24/2023
Midland County,Michigan,MI,26111,Small metro,83457,342,06/28/2023,01/01/2020,06/24/2023
Missaukee County,Michigan,MI,26113,Micropolitan,15130,26,06/28/2023,01/01/2020,06/24/2023
Monroe County,Michigan,MI,26115,Small metro,155274,301,06/28/2023,01/01/2020,06/24/2023
Montcalm County,Michigan,MI,26117,Large fringe metro,67220,163,06/28/2023,01/01/2020,06/24/2023
Montmorency County,Michigan,MI,26119,Noncore,9297,10,06/28/2023,01/01/2020,06/24/2023
Muskegon County,Michigan,MI,26121,Small metro,176511,733,06/28/2023,01/01/2020,06/24/2023
Newaygo County,Michigan,MI,26123,Noncore,50296,91,06/28/2023,01/01/2020,06/24/2023
Oakland County,Michigan,MI,26125,Large fringe metro,1270017,5582,06/28/2023,01/01/2020,06/24/2023
Oceana County,Michigan,MI,26127,Noncore,26815,41,06/28/2023,01/01/2020,06/24/2023
Ogemaw County,Michigan,MI,26129,Noncore,20726,104,06/28/2023,01/01/2020,06/24/2023
Ontonagon County,Michigan,MI,26131,Noncore,5868,19,06/28/2023,01/01/2020,06/24/2023
Osceola County,Michigan,MI,26133,Noncore,23105,30,06/28/2023,01/01/2020,06/24/2023
Oscoda County,Michigan,MI,26135,Noncore,8311,17,06/28/2023,01/01/2020,06/24/2023
Otsego County,Michigan,MI,26137,Noncore,25289,80,06/28/2023,01/01/2020,06/24/2023
Ottawa County,Michigan,MI,26139,Large fringe metro,299157,616,06/28/2023,01/01/2020,06/24/2023
Presque Isle County,Michigan,MI,26141,Noncore,13093,25,06/28/2023,01/01/2020,06/24/2023
Roscommon County,Michigan,MI,26143,Noncore,23633,27,06/28/2023,01/01/2020,06/24/2023
Saginaw County,Michigan,MI,26145,Small metro,189591,1272,06/28/2023,01/01/2020,06/24/2023
Sanilac County,Michigan,MI,26151,Noncore,40506,78,06/28/2023,01/01/2020,06/24/2023
Schoolcraft County,Michigan,MI,26153,Noncore,8030,15,06/28/2023,01/01/2020,06/24/2023
Shiawassee County,Michigan,MI,26155,Micropolitan,67877,184,06/28/2023,01/01/2020,06/24/2023
St. Clair County,Michigan,MI,26147,Large fringe metro,160053,777,06/28/2023,01/01/2020,06/24/2023
St. Joseph County,Michigan,MI,26149,Micropolitan,60758,108,06/28/2023,01/01/2020,06/24/2023
Tuscola County,Michigan,MI,26157,Noncore,52917,81,06/28/2023,01/01/2020,06/24/2023
Van Buren County,Michigan,MI,26159,Medium metro,75658,124,06/28/2023,01/01/2020,06/24/2023
Washtenaw County,Michigan,MI,26161,Medium metro,369390,1339,06/28/2023,01/01/2020,06/24/2023
Wayne County,Michigan,MI,26163,Large central metro,1774816,7588,06/28/2023,01/01/2020,06/24/2023
Wexford County,Michigan,MI,26165,Micropolitan,33901,138,06/28/2023,01/01/2020,06/24/2023
Aitkin County,Minnesota,MN,27001,Noncore,15887,62,06/28/2023,01/01/2020,06/24/2023
Anoka County,Minnesota,MN,27003,Large fringe metro,367018,973,06/28/2023,01/01/2020,06/24/2023
Becker County,Minnesota,MN,27005,Noncore,35219,74,06/28/2023,01/01/2020,06/24/2023
Beltrami County,Minnesota,MN,27007,Micropolitan,46380,148,06/28/2023,01/01/2020,06/24/2023
Benton County,Minnesota,MN,27009,Small metro,41459,118,06/28/2023,01/01/2020,06/24/2023
Big Stone County,Minnesota,MN,27011,Noncore,5145,17,06/28/2023,01/01/2020,06/24/2023
Blue Earth County,Minnesota,MN,27013,Small metro,69280,185,06/28/2023,01/01/2020,06/24/2023
Brown County,Minnesota,MN,27015,Micropolitan,25819,70,06/28/2023,01/01/2020,06/24/2023
Carlton County,Minnesota,MN,27017,Medium metro,36409,78,06/28/2023,01/01/2020,06/24/2023
Carver County,Minnesota,MN,27019,Large fringe metro,108626,146,06/28/2023,01/01/2020,06/24/2023
Cass County,Minnesota,MN,27021,Micropolitan,30639,28,06/28/2023,01/01/2020,06/24/2023
Chippewa County,Minnesota,MN,27023,Noncore,12357,42,06/28/2023,01/01/2020,06/24/2023
Chisago County,Minnesota,MN,27025,Large fringe metro,57469,108,06/28/2023,01/01/2020,06/24/2023
Clay County,Minnesota,MN,27027,Small metro,65574,96,06/28/2023,01/01/2020,06/24/2023
Clearwater County,Minnesota,MN,27029,Noncore,8576,10,06/28/2023,01/01/2020,06/24/2023
Cook County,Minnesota,MN,27031,Noncore,5617,,06/28/2023,01/01/2020,06/24/2023
Cottonwood County,Minnesota,MN,27033,Noncore,11569,38,06/28/2023,01/01/2020,06/24/2023
Crow Wing County,Minnesota,MN,27035,Micropolitan,67270,189,06/28/2023,01/01/2020,06/24/2023
Dakota County,Minnesota,MN,27037,Large fringe metro,442038,614,06/28/2023,01/01/2020,06/24/2023
Dodge County,Minnesota,MN,27039,Small metro,20935,12,06/28/2023,01/01/2020,06/24/2023
Douglas County,Minnesota,MN,27041,Micropolitan,39238,123,06/28/2023,01/01/2020,06/24/2023
Faribault County,Minnesota,MN,27043,Noncore,13909,45,06/28/2023,01/01/2020,06/24/2023
Fillmore County,Minnesota,MN,27045,Small metro,21271,30,06/28/2023,01/01/2020,06/24/2023
Freeborn County,Minnesota,MN,27047,Micropolitan,30749,67,06/28/2023,01/01/2020,06/24/2023
Goodhue County,Minnesota,MN,27049,Micropolitan,47968,126,06/28/2023,01/01/2020,06/24/2023
Grant County,Minnesota,MN,27051,Noncore,6153,12,06/28/2023,01/01/2020,06/24/2023
Hennepin County,Minnesota,MN,27053,Large central metro,1267416,3979,06/28/2023,01/01/2020,06/24/2023
Houston County,Minnesota,MN,27055,Small metro,18778,21,06/28/2023,01/01/2020,06/24/2023
Hubbard County,Minnesota,MN,27057,Noncore,21715,57,06/28/2023,01/01/2020,06/24/2023
Isanti County,Minnesota,MN,27059,Large fringe metro,41906,72,06/28/2023,01/01/2020,06/24/2023
Itasca County,Minnesota,MN,27061,Noncore,45070,126,06/28/2023,01/01/2020,06/24/2023
Jackson County,Minnesota,MN,27063,Noncore,9990,11,06/28/2023,01/01/2020,06/24/2023
Kanabec County,Minnesota,MN,27065,Noncore,16159,42,06/28/2023,01/01/2020,06/24/2023
Kandiyohi County,Minnesota,MN,27067,Micropolitan,43767,141,06/28/2023,01/01/2020,06/24/2023
Kittson County,Minnesota,MN,27069,Noncore,4146,29,06/28/2023,01/01/2020,06/24/2023
Koochiching County,Minnesota,MN,27071,Noncore,11941,32,06/28/2023,01/01/2020,06/24/2023
Lac qui Parle County,Minnesota,MN,27073,Noncore,6684,25,06/28/2023,01/01/2020,06/24/2023
Lake County,Minnesota,MN,27075,Noncore,10986,25,06/28/2023,01/01/2020,06/24/2023
Lake of the Woods County,Minnesota,MN,27077,Noncore,3823,,06/28/2023,01/01/2020,06/24/2023
Le Sueur County,Minnesota,MN,27079,Large fringe metro,28841,31,06/28/2023,01/01/2020,06/24/2023
Lincoln County,Minnesota,MN,27081,Noncore,5567,12,06/28/2023,01/01/2020,06/24/2023
Lyon County,Minnesota,MN,27083,Micropolitan,25231,71,06/28/2023,01/01/2020,06/24/2023
Mahnomen County,Minnesota,MN,27087,Noncore,5414,14,06/28/2023,01/01/2020,06/24/2023
Marshall County,Minnesota,MN,27089,Noncore,8988,12,06/28/2023,01/01/2020,06/24/2023
Martin County,Minnesota,MN,27091,Noncore,19915,53,06/28/2023,01/01/2020,06/24/2023
McLeod County,Minnesota,MN,27085,Micropolitan,36735,75,06/28/2023,01/01/2020,06/24/2023
Meeker County,Minnesota,MN,27093,Noncore,23376,65,06/28/2023,01/01/2020,06/24/2023
Mille Lacs County,Minnesota,MN,27095,Large fringe metro,26867,79,06/28/2023,01/01/2020,06/24/2023
Morrison County,Minnesota,MN,27097,Noncore,33992,90,06/28/2023,01/01/2020,06/24/2023
Mower County,Minnesota,MN,27099,Micropolitan,40158,75,06/28/2023,01/01/2020,06/24/2023
Murray County,Minnesota,MN,27101,Noncore,8144,13,06/28/2023,01/01/2020,06/24/2023
Nicollet County,Minnesota,MN,27103,Small metro,34332,52,06/28/2023,01/01/2020,06/24/2023
Nobles County,Minnesota,MN,27105,Micropolitan,21991,45,06/28/2023,01/01/2020,06/24/2023
Norman County,Minnesota,MN,27107,Noncore,6416,,06/28/2023,01/01/2020,06/24/2023
Olmsted County,Minnesota,MN,27109,Small metro,163436,610,06/28/2023,01/01/2020,06/24/2023
Otter Tail County,Minnesota,MN,27111,Micropolitan,60046,122,06/28/2023,01/01/2020,06/24/2023
Pennington County,Minnesota,MN,27113,Noncore,13780,40,06/28/2023,01/01/2020,06/24/2023
Pine County,Minnesota,MN,27115,Noncore,29302,35,06/28/2023,01/01/2020,06/24/2023
Pipestone County,Minnesota,MN,27117,Noncore,9313,23,06/28/2023,01/01/2020,06/24/2023
Polk County,Minnesota,MN,27119,Small metro,30757,96,06/28/2023,01/01/2020,06/24/2023
Pope County,Minnesota,MN,27121,Noncore,11403,22,06/28/2023,01/01/2020,06/24/2023
Ramsey County,Minnesota,MN,27123,Large central metro,543257,2211,06/28/2023,01/01/2020,06/24/2023
Red Lake County,Minnesota,MN,27125,Noncore,3933,,06/28/2023,01/01/2020,06/24/2023
Redwood County,Minnesota,MN,27127,Noncore,15366,35,06/28/2023,01/01/2020,06/24/2023
Renville County,Minnesota,MN,27129,Noncore,14608,44,06/28/2023,01/01/2020,06/24/2023
Rice County,Minnesota,MN,27131,Micropolitan,67262,133,06/28/2023,01/01/2020,06/24/2023
Rock County,Minnesota,MN,27133,Noncore,9680,30,06/28/2023,01/01/2020,06/24/2023
Roseau County,Minnesota,MN,27135,Noncore,15258,35,06/28/2023,01/01/2020,06/24/2023
Scott County,Minnesota,MN,27139,Large fringe metro,153268,195,06/28/2023,01/01/2020,06/24/2023
Sherburne County,Minnesota,MN,27141,Large fringe metro,99074,108,06/28/2023,01/01/2020,06/24/2023
Sibley County,Minnesota,MN,27143,Large fringe metro,14917,20,06/28/2023,01/01/2020,06/24/2023
St. Louis County,Minnesota,MN,27137,Medium metro,199182,911,06/28/2023,01/01/2020,06/24/2023
Stearns County,Minnesota,MN,27145,Small metro,158947,724,06/28/2023,01/01/2020,06/24/2023
Steele County,Minnesota,MN,27147,Micropolitan,37349,78,06/28/2023,01/01/2020,06/24/2023
Stevens County,Minnesota,MN,27149,Noncore,9700,10,06/28/2023,01/01/2020,06/24/2023
Swift County,Minnesota,MN,27151,Noncore,9749,26,06/28/2023,01/01/2020,06/24/2023
Todd County,Minnesota,MN,27153,Noncore,25237,61,06/28/2023,01/01/2020,06/24/2023
Traverse County,Minnesota,MN,27155,Noncore,3286,,06/28/2023,01/01/2020,06/24/2023
Wabasha County,Minnesota,MN,27157,Small metro,21509,20,06/28/2023,01/01/2020,06/24/2023
Wadena County,Minnesota,MN,27159,Noncore,14177,52,06/28/2023,01/01/2020,06/24/2023
Waseca County,Minnesota,MN,27161,Noncore,19000,28,06/28/2023,01/01/2020,06/24/2023
Washington County,Minnesota,MN,27163,Large fringe metro,272256,444,06/28/2023,01/01/2020,06/24/2023
Watonwan County,Minnesota,MN,27165,Noncore,11135,20,06/28/2023,01/01/2020,06/24/2023
Wilkin County,Minnesota,MN,27167,Micropolitan,6395,18,06/28/2023,01/01/2020,06/24/2023
Winona County,Minnesota,MN,27169,Micropolitan,49630,87,06/28/2023,01/01/2020,06/24/2023
Wright County,Minnesota,MN,27171,Large fringe metro,144845,219,06/28/2023,01/01/2020,06/24/2023
Yellow Medicine County,Minnesota,MN,27173,Noncore,9411,27,06/28/2023,01/01/2020,06/24/2023
Adams County,Mississippi,MS,28001,Micropolitan,28742,168,06/28/2023,01/01/2020,06/24/2023
Alcorn County,Mississippi,MS,28003,Micropolitan,34349,286,06/28/2023,01/01/2020,06/24/2023
Amite County,Mississippi,MS,28005,Micropolitan,12637,34,06/28/2023,01/01/2020,06/24/2023
Attala County,Mississippi,MS,28007,Noncore,17742,70,06/28/2023,01/01/2020,06/24/2023
Benton County,Mississippi,MS,28009,Large fringe metro,7646,16,06/28/2023,01/01/2020,06/24/2023
Bolivar County,Mississippi,MS,28011,Micropolitan,30308,100,06/28/2023,01/01/2020,06/24/2023
Calhoun County,Mississippi,MS,28013,Noncore,13018,86,06/28/2023,01/01/2020,06/24/2023
Carroll County,Mississippi,MS,28015,Micropolitan,9879,19,06/28/2023,01/01/2020,06/24/2023
Chickasaw County,Mississippi,MS,28017,Noncore,17011,37,06/28/2023,01/01/2020,06/24/2023
Choctaw County,Mississippi,MS,28019,Noncore,8106,,06/28/2023,01/01/2020,06/24/2023
Claiborne County,Mississippi,MS,28021,Micropolitan,8908,30,06/28/2023,01/01/2020,06/24/2023
Clarke County,Mississippi,MS,28023,Micropolitan,15421,34,06/28/2023,01/01/2020,06/24/2023
Clay County,Mississippi,MS,28025,Noncore,18535,61,06/28/2023,01/01/2020,06/24/2023
Coahoma County,Mississippi,MS,28027,Micropolitan,20810,96,06/28/2023,01/01/2020,06/24/2023
Copiah County,Mississippi,MS,28029,Medium metro,27995,68,06/28/2023,01/01/2020,06/24/2023
Covington County,Mississippi,MS,28031,Noncore,18279,42,06/28/2023,01/01/2020,06/24/2023
DeSoto County,Mississippi,MS,28033,Large fringe metro,188633,968,06/28/2023,01/01/2020,06/24/2023
Forrest County,Mississippi,MS,28035,Small metro,77875,828,06/28/2023,01/01/2020,06/24/2023
Franklin County,Mississippi,MS,28037,Noncore,7676,20,06/28/2023,01/01/2020,06/24/2023
George County,Mississippi,MS,28039,Noncore,24762,78,06/28/2023,01/01/2020,06/24/2023
Greene County,Mississippi,MS,28041,Noncore,13630,,06/28/2023,01/01/2020,06/24/2023
Grenada County,Mississippi,MS,28043,Micropolitan,21365,120,06/28/2023,01/01/2020,06/24/2023
Hancock County,Mississippi,MS,28045,Medium metro,46055,56,06/28/2023,01/01/2020,06/24/2023
Harrison County,Mississippi,MS,28047,Medium metro,209396,880,06/28/2023,01/01/2020,06/24/2023
Hinds County,Mississippi,MS,28049,Medium metro,222679,2108,06/28/2023,01/01/2020,06/24/2023
Holmes County,Mississippi,MS,28051,Noncore,16496,35,06/28/2023,01/01/2020,06/24/2023
Humphreys County,Mississippi,MS,28053,Noncore,7551,13,06/28/2023,01/01/2020,06/24/2023
Issaquena County,Mississippi,MS,28055,Noncore,1280,,06/28/2023,01/01/2020,06/24/2023
Itawamba County,Mississippi,MS,28057,Micropolitan,23838,28,06/28/2023,01/01/2020,06/24/2023
Jackson County,Mississippi,MS,28059,Medium metro,143987,583,06/28/2023,01/01/2020,06/24/2023
Jasper County,Mississippi,MS,28061,Micropolitan,16291,12,06/28/2023,01/01/2020,06/24/2023
Jefferson County,Mississippi,MS,28063,Noncore,7205,12,06/28/2023,01/01/2020,06/24/2023
Jefferson Davis County,Mississippi,MS,28065,Noncore,11134,27,06/28/2023,01/01/2020,06/24/2023
Jones County,Mississippi,MS,28067,Micropolitan,66744,314,06/28/2023,01/01/2020,06/24/2023
Kemper County,Mississippi,MS,28069,Micropolitan,8829,16,06/28/2023,01/01/2020,06/24/2023
Lafayette County,Mississippi,MS,28071,Micropolitan,56884,579,06/28/2023,01/01/2020,06/24/2023
Lamar County,Mississippi,MS,28073,Small metro,65353,294,06/28/2023,01/01/2020,06/24/2023
Lauderdale County,Mississippi,MS,28075,Micropolitan,72088,802,06/28/2023,01/01/2020,06/24/2023
Lawrence County,Mississippi,MS,28077,Noncore,11812,22,06/28/2023,01/01/2020,06/24/2023
Leake County,Mississippi,MS,28079,Noncore,21196,89,06/28/2023,01/01/2020,06/24/2023
Lee County,Mississippi,MS,28081,Micropolitan,82883,1083,06/28/2023,01/01/2020,06/24/2023
Leflore County,Mississippi,MS,28083,Micropolitan,27557,304,06/28/2023,01/01/2020,06/24/2023
Lincoln County,Mississippi,MS,28085,Micropolitan,34943,176,06/28/2023,01/01/2020,06/24/2023
Lowndes County,Mississippi,MS,28087,Micropolitan,58150,486,06/28/2023,01/01/2020,06/24/2023
Madison County,Mississippi,MS,28089,Medium metro,109813,286,06/28/2023,01/01/2020,06/24/2023
Marion County,Mississippi,MS,28091,Noncore,24378,48,06/28/2023,01/01/2020,06/24/2023
Marshall County,Mississippi,MS,28093,Large fringe metro,33725,83,06/28/2023,01/01/2020,06/24/2023
Monroe County,Mississippi,MS,28095,Noncore,33883,214,06/28/2023,01/01/2020,06/24/2023
Montgomery County,Mississippi,MS,28097,Noncore,9729,77,06/28/2023,01/01/2020,06/24/2023
Neshoba County,Mississippi,MS,28099,Noncore,28993,87,06/28/2023,01/01/2020,06/24/2023
Newton County,Mississippi,MS,28101,Noncore,21056,23,06/28/2023,01/01/2020,06/24/2023
Noxubee County,Mississippi,MS,28103,Noncore,10123,19,06/28/2023,01/01/2020,06/24/2023
Oktibbeha County,Mississippi,MS,28105,Micropolitan,51842,176,06/28/2023,01/01/2020,06/24/2023
Panola County,Mississippi,MS,28107,Noncore,32851,111,06/28/2023,01/01/2020,06/24/2023
Pearl River County,Mississippi,MS,28109,Micropolitan,56503,128,06/28/2023,01/01/2020,06/24/2023
Perry County,Mississippi,MS,28111,Small metro,11571,10,06/28/2023,01/01/2020,06/24/2023
Pike County,Mississippi,MS,28113,Micropolitan,39973,213,06/28/2023,01/01/2020,06/24/2023
Pontotoc County,Mississippi,MS,28115,Micropolitan,31445,93,06/28/2023,01/01/2020,06/24/2023
Prentiss County,Mississippi,MS,28117,Noncore,24996,116,06/28/2023,01/01/2020,06/24/2023
Quitman County,Mississippi,MS,28119,Noncore,5935,,06/28/2023,01/01/2020,06/24/2023
Rankin County,Mississippi,MS,28121,Medium metro,158096,323,06/28/2023,01/01/2020,06/24/2023
Scott County,Mississippi,MS,28123,Noncore,27598,40,06/28/2023,01/01/2020,06/24/2023
Sharkey County,Mississippi,MS,28125,Noncore,3663,17,06/28/2023,01/01/2020,06/24/2023
Simpson County,Mississippi,MS,28127,Medium metro,25750,118,06/28/2023,01/01/2020,06/24/2023
Smith County,Mississippi,MS,28129,Noncore,14191,22,06/28/2023,01/01/2020,06/24/2023
Stone County,Mississippi,MS,28131,Noncore,18644,19,06/28/2023,01/01/2020,06/24/2023
Sunflower County,Mississippi,MS,28133,Micropolitan,25402,109,06/28/2023,01/01/2020,06/24/2023
Tallahatchie County,Mississippi,MS,28135,Noncore,12366,22,06/28/2023,01/01/2020,06/24/2023
Tate County,Mississippi,MS,28137,Large fringe metro,28234,69,06/28/2023,01/01/2020,06/24/2023
Tippah County,Mississippi,MS,28139,Noncore,21635,65,06/28/2023,01/01/2020,06/24/2023
Tishomingo County,Mississippi,MS,28141,Noncore,18750,67,06/28/2023,01/01/2020,06/24/2023
Tunica County,Mississippi,MS,28143,Large fringe metro,9696,14,06/28/2023,01/01/2020,06/24/2023
Union County,Mississippi,MS,28145,Noncore,27953,158,06/28/2023,01/01/2020,06/24/2023
Walthall County,Mississippi,MS,28147,Noncore,13836,21,06/28/2023,01/01/2020,06/24/2023
Warren County,Mississippi,MS,28149,Micropolitan,43579,296,06/28/2023,01/01/2020,06/24/2023
Washington County,Mississippi,MS,28151,Micropolitan,43687,308,06/28/2023,01/01/2020,06/24/2023
Wayne County,Mississippi,MS,28153,Noncore,19709,89,06/28/2023,01/01/2020,06/24/2023
Webster County,Mississippi,MS,28155,Noncore,9983,62,06/28/2023,01/01/2020,06/24/2023
Wilkinson County,Mississippi,MS,28157,Noncore,8315,22,06/28/2023,01/01/2020,06/24/2023
Winston County,Mississippi,MS,28159,Noncore,17596,68,06/28/2023,01/01/2020,06/24/2023
Yalobusha County,Mississippi,MS,28161,Noncore,12415,22,06/28/2023,01/01/2020,06/24/2023
Yazoo County,Mississippi,MS,28163,Medium metro,26373,66,06/28/2023,01/01/2020,06/24/2023
Adair County,Missouri,MO,29001,Micropolitan,25185,77,06/28/2023,01/01/2020,06/24/2023
Andrew County,Missouri,MO,29003,Small metro,18002,21,06/28/2023,01/01/2020,06/24/2023
Atchison County,Missouri,MO,29005,Noncore,5234,21,06/28/2023,01/01/2020,06/24/2023
Audrain County,Missouri,MO,29007,Micropolitan,24982,62,06/28/2023,01/01/2020,06/24/2023
Barry County,Missouri,MO,29009,Noncore,34712,50,06/28/2023,01/01/2020,06/24/2023
Barton County,Missouri,MO,29011,Noncore,11658,33,06/28/2023,01/01/2020,06/24/2023
Bates County,Missouri,MO,29013,Large fringe metro,16105,50,06/28/2023,01/01/2020,06/24/2023
Benton County,Missouri,MO,29015,Noncore,19908,49,06/28/2023,01/01/2020,06/24/2023
Bollinger County,Missouri,MO,29017,Small metro,10556,20,06/28/2023,01/01/2020,06/24/2023
Boone County,Missouri,MO,29019,Small metro,185840,870,06/28/2023,01/01/2020,06/24/2023
Buchanan County,Missouri,MO,29021,Small metro,83853,479,06/28/2023,01/01/2020,06/24/2023
Butler County,Missouri,MO,29023,Micropolitan,42101,296,06/28/2023,01/01/2020,06/24/2023
Caldwell County,Missouri,MO,29025,Large fringe metro,8897,,06/28/2023,01/01/2020,06/24/2023
Callaway County,Missouri,MO,29027,Small metro,44638,50,06/28/2023,01/01/2020,06/24/2023
Camden County,Missouri,MO,29029,Noncore,43436,271,06/28/2023,01/01/2020,06/24/2023
Cape Girardeau County,Missouri,MO,29031,Small metro,82113,544,06/28/2023,01/01/2020,06/24/2023
Carroll County,Missouri,MO,29033,Noncore,8376,28,06/28/2023,01/01/2020,06/24/2023
Carter County,Missouri,MO,29035,Noncore,5320,,06/28/2023,01/01/2020,06/24/2023
Cass County,Missouri,MO,29037,Large fringe metro,109638,167,06/28/2023,01/01/2020,06/24/2023
Cedar County,Missouri,MO,29039,Noncore,14496,33,06/28/2023,01/01/2020,06/24/2023
Chariton County,Missouri,MO,29041,Noncore,7356,25,06/28/2023,01/01/2020,06/24/2023
Christian County,Missouri,MO,29043,Medium metro,91499,62,06/28/2023,01/01/2020,06/24/2023
Clark County,Missouri,MO,29045,Micropolitan,6736,20,06/28/2023,01/01/2020,06/24/2023
Clay County,Missouri,MO,29047,Large fringe metro,255518,1098,06/28/2023,01/01/2020,06/24/2023
Clinton County,Missouri,MO,29049,Large fringe metro,21287,120,06/28/2023,01/01/2020,06/24/2023
Cole County,Missouri,MO,29051,Small metro,77205,537,06/28/2023,01/01/2020,06/24/2023
Cooper County,Missouri,MO,29053,Noncore,17115,30,06/28/2023,01/01/2020,06/24/2023
Crawford County,Missouri,MO,29055,Noncore,22807,118,06/28/2023,01/01/2020,06/24/2023
Dade County,Missouri,MO,29057,Noncore,7599,25,06/28/2023,01/01/2020,06/24/2023
Dallas County,Missouri,MO,29059,Medium metro,17341,40,06/28/2023,01/01/2020,06/24/2023
Daviess County,Missouri,MO,29061,Noncore,8399,,06/28/2023,01/01/2020,06/24/2023
DeKalb County,Missouri,MO,29063,Small metro,11098,15,06/28/2023,01/01/2020,06/24/2023
Dent County,Missouri,MO,29065,Noncore,14432,51,06/28/2023,01/01/2020,06/24/2023
Douglas County,Missouri,MO,29067,Noncore,11732,34,06/28/2023,01/01/2020,06/24/2023
Dunklin County,Missouri,MO,29069,Micropolitan,27717,35,06/28/2023,01/01/2020,06/24/2023
Franklin County,Missouri,MO,29071,Large fringe metro,105231,326,06/28/2023,01/01/2020,06/24/2023
Gasconade County,Missouri,MO,29073,Noncore,14791,85,06/28/2023,01/01/2020,06/24/2023
Gentry County,Missouri,MO,29075,Noncore,6173,17,06/28/2023,01/01/2020,06/24/2023
Greene County,Missouri,MO,29077,Medium metro,300865,2264,06/28/2023,01/01/2020,06/24/2023
Grundy County,Missouri,MO,29079,Noncore,9720,38,06/28/2023,01/01/2020,06/24/2023
Harrison County,Missouri,MO,29081,Noncore,8164,16,06/28/2023,01/01/2020,06/24/2023
Henry County,Missouri,MO,29083,Noncore,22206,43,06/28/2023,01/01/2020,06/24/2023
Hickory County,Missouri,MO,29085,Noncore,8607,21,06/28/2023,01/01/2020,06/24/2023
Holt County,Missouri,MO,29087,Noncore,4226,,06/28/2023,01/01/2020,06/24/2023
Howard County,Missouri,MO,29089,Noncore,10168,16,06/28/2023,01/01/2020,06/24/2023
Howell County,Missouri,MO,29091,Micropolitan,39975,222,06/28/2023,01/01/2020,06/24/2023
Iron County,Missouri,MO,29093,Noncore,9408,15,06/28/2023,01/01/2020,06/24/2023
Jackson County,Missouri,MO,29095,Large central metro,716862,2897,06/28/2023,01/01/2020,06/24/2023
Jasper County,Missouri,MO,29097,Small metro,123155,156,06/28/2023,01/01/2020,06/24/2023
Jefferson County,Missouri,MO,29099,Large fringe metro,227771,506,06/28/2023,01/01/2020,06/24/2023
Johnson County,Missouri,MO,29101,Micropolitan,54150,100,06/28/2023,01/01/2020,06/24/2023
Knox County,Missouri,MO,29103,Noncore,3808,,06/28/2023,01/01/2020,06/24/2023
Laclede County,Missouri,MO,29105,Micropolitan,36133,101,06/28/2023,01/01/2020,06/24/2023
Lafayette County,Missouri,MO,29107,Large fringe metro,32817,67,06/28/2023,01/01/2020,06/24/2023
Lawrence County,Missouri,MO,29109,Noncore,38321,99,06/28/2023,01/01/2020,06/24/2023
Lewis County,Missouri,MO,29111,Micropolitan,10000,,06/28/2023,01/01/2020,06/24/2023
Lincoln County,Missouri,MO,29113,Large fringe metro,61586,68,06/28/2023,01/01/2020,06/24/2023
Linn County,Missouri,MO,29115,Noncore,11843,30,06/28/2023,01/01/2020,06/24/2023
Livingston County,Missouri,MO,29117,Noncore,14755,74,06/28/2023,01/01/2020,06/24/2023
Macon County,Missouri,MO,29121,Noncore,15183,42,06/28/2023,01/01/2020,06/24/2023
Madison County,Missouri,MO,29123,Noncore,12652,24,06/28/2023,01/01/2020,06/24/2023
Maries County,Missouri,MO,29125,Noncore,8406,,06/28/2023,01/01/2020,06/24/2023
Marion County,Missouri,MO,29127,Micropolitan,28518,185,06/28/2023,01/01/2020,06/24/2023
McDonald County,Missouri,MO,29119,Medium metro,23383,15,06/28/2023,01/01/2020,06/24/2023
Mercer County,Missouri,MO,29129,Noncore,3488,10,06/28/2023,01/01/2020,06/24/2023
Miller County,Missouri,MO,29131,Noncore,24909,38,06/28/2023,01/01/2020,06/24/2023
Mississippi County,Missouri,MO,29133,Noncore,12538,16,06/28/2023,01/01/2020,06/24/2023
Moniteau County,Missouri,MO,29135,Small metro,15484,27,06/28/2023,01/01/2020,06/24/2023
Monroe County,Missouri,MO,29137,Noncore,8712,19,06/28/2023,01/01/2020,06/24/2023
Montgomery County,Missouri,MO,29139,Noncore,11415,28,06/28/2023,01/01/2020,06/24/2023
Morgan County,Missouri,MO,29141,Noncore,21379,46,06/28/2023,01/01/2020,06/24/2023
New Madrid County,Missouri,MO,29143,Noncore,16035,34,06/28/2023,01/01/2020,06/24/2023
Newton County,Missouri,MO,29145,Small metro,59386,897,06/28/2023,01/01/2020,06/24/2023
Nodaway County,Missouri,MO,29147,Micropolitan,21160,36,06/28/2023,01/01/2020,06/24/2023
Oregon County,Missouri,MO,29149,Noncore,8631,,06/28/2023,01/01/2020,06/24/2023
Osage County,Missouri,MO,29151,Small metro,13379,16,06/28/2023,01/01/2020,06/24/2023
Ozark County,Missouri,MO,29153,Noncore,8782,20,06/28/2023,01/01/2020,06/24/2023
Pemiscot County,Missouri,MO,29155,Noncore,15236,33,06/28/2023,01/01/2020,06/24/2023
Perry County,Missouri,MO,29157,Noncore,18922,21,06/28/2023,01/01/2020,06/24/2023
Pettis County,Missouri,MO,29159,Micropolitan,43188,185,06/28/2023,01/01/2020,06/24/2023
Phelps County,Missouri,MO,29161,Micropolitan,44937,318,06/28/2023,01/01/2020,06/24/2023
Pike County,Missouri,MO,29163,Noncore,17761,16,06/28/2023,01/01/2020,06/24/2023
Platte County,Missouri,MO,29165,Large fringe metro,108569,194,06/28/2023,01/01/2020,06/24/2023
Polk County,Missouri,MO,29167,Medium metro,32043,166,06/28/2023,01/01/2020,06/24/2023
Pulaski County,Missouri,MO,29169,Micropolitan,53816,33,06/28/2023,01/01/2020,06/24/2023
Putnam County,Missouri,MO,29171,Noncore,4712,13,06/28/2023,01/01/2020,06/24/2023
Ralls County,Missouri,MO,29173,Micropolitan,10361,,06/28/2023,01/01/2020,06/24/2023
Randolph County,Missouri,MO,29175,Micropolitan,24760,78,06/28/2023,01/01/2020,06/24/2023
Ray County,Missouri,MO,29177,Large fringe metro,23008,25,06/28/2023,01/01/2020,06/24/2023
Reynolds County,Missouri,MO,29179,Noncore,6087,,06/28/2023,01/01/2020,06/24/2023
Ripley County,Missouri,MO,29181,Noncore,10617,10,06/28/2023,01/01/2020,06/24/2023
Saline County,Missouri,MO,29195,Micropolitan,23289,71,06/28/2023,01/01/2020,06/24/2023
Schuyler County,Missouri,MO,29197,Micropolitan,4025,16,06/28/2023,01/01/2020,06/24/2023
Scotland County,Missouri,MO,29199,Noncore,4693,22,06/28/2023,01/01/2020,06/24/2023
Scott County,Missouri,MO,29201,Micropolitan,37840,158,06/28/2023,01/01/2020,06/24/2023
Shannon County,Missouri,MO,29203,Noncore,7106,11,06/28/2023,01/01/2020,06/24/2023
Shelby County,Missouri,MO,29205,Noncore,5976,,06/28/2023,01/01/2020,06/24/2023
St. Charles County,Missouri,MO,29183,Large fringe metro,409981,1063,06/28/2023,01/01/2020,06/24/2023
St. Clair County,Missouri,MO,29185,Noncore,9376,18,06/28/2023,01/01/2020,06/24/2023
St. Francois County,Missouri,MO,29187,Micropolitan,67541,200,06/28/2023,01/01/2020,06/24/2023
St. Louis County,Missouri,MO,29189,Large fringe metro,997187,4690,06/28/2023,01/01/2020,06/24/2023
St. Louis city,Missouri,MO,29510,Large central metro,293310,1268,06/28/2023,01/01/2020,06/24/2023
Ste. Genevieve County,Missouri,MO,29186,Noncore,18588,19,06/28/2023,01/01/2020,06/24/2023
Stoddard County,Missouri,MO,29207,Noncore,28479,49,06/28/2023,01/01/2020,06/24/2023
Stone County,Missouri,MO,29209,Micropolitan,31548,17,06/28/2023,01/01/2020,06/24/2023
Sullivan County,Missouri,MO,29211,Noncore,5934,12,06/28/2023,01/01/2020,06/24/2023
Taney County,Missouri,MO,29213,Micropolitan,56387,172,06/28/2023,01/01/2020,06/24/2023
Texas County,Missouri,MO,29215,Noncore,24987,78,06/28/2023,01/01/2020,06/24/2023
Vernon County,Missouri,MO,29217,Noncore,19595,63,06/28/2023,01/01/2020,06/24/2023
Warren County,Missouri,MO,29219,Large fringe metro,36518,32,06/28/2023,01/01/2020,06/24/2023
Washington County,Missouri,MO,29221,Noncore,23502,51,06/28/2023,01/01/2020,06/24/2023
Wayne County,Missouri,MO,29223,Noncore,10914,14,06/28/2023,01/01/2020,06/24/2023
Webster County,Missouri,MO,29225,Medium metro,39735,61,06/28/2023,01/01/2020,06/24/2023
Worth County,Missouri,MO,29227,Noncore,1983,,06/28/2023,01/01/2020,06/24/2023
Wright County,Missouri,MO,29229,Noncore,18610,18,06/28/2023,01/01/2020,06/24/2023
Beaverhead County,Montana,MT,30001,Noncore,9524,35,06/28/2023,01/01/2020,06/24/2023
Big Horn County,Montana,MT,30003,Noncore,12957,16,06/28/2023,01/01/2020,06/24/2023
Blaine County,Montana,MT,30005,Noncore,6980,14,06/28/2023,01/01/2020,06/24/2023
Broadwater County,Montana,MT,30007,Noncore,7288,,06/28/2023,01/01/2020,06/24/2023
Carbon County,Montana,MT,30009,Small metro,10847,16,06/28/2023,01/01/2020,06/24/2023
Carter County,Montana,MT,30011,Noncore,1428,,06/28/2023,01/01/2020,06/24/2023
Cascade County,Montana,MT,30013,Small metro,84511,532,06/28/2023,01/01/2020,06/24/2023
Chouteau County,Montana,MT,30015,Noncore,5916,,06/28/2023,01/01/2020,06/24/2023
Custer County,Montana,MT,30017,Noncore,11916,41,06/28/2023,01/01/2020,06/24/2023
Daniels County,Montana,MT,30019,Noncore,1686,,06/28/2023,01/01/2020,06/24/2023
Dawson County,Montana,MT,30021,Noncore,8904,53,06/28/2023,01/01/2020,06/24/2023
Deer Lodge County,Montana,MT,30023,Noncore,9491,42,06/28/2023,01/01/2020,06/24/2023
Fallon County,Montana,MT,30025,Noncore,3017,,06/28/2023,01/01/2020,06/24/2023
Fergus County,Montana,MT,30027,Noncore,11617,46,06/28/2023,01/01/2020,06/24/2023
Flathead County,Montana,MT,30029,Micropolitan,108454,416,06/28/2023,01/01/2020,06/24/2023
Gallatin County,Montana,MT,30031,Micropolitan,122713,133,06/28/2023,01/01/2020,06/24/2023
Glacier County,Montana,MT,30035,Noncore,13785,31,06/28/2023,01/01/2020,06/24/2023
Golden Valley County,Montana,MT,30037,Small metro,831,,06/28/2023,01/01/2020,06/24/2023
Granite County,Montana,MT,30039,Noncore,3344,,06/28/2023,01/01/2020,06/24/2023
Hill County,Montana,MT,30041,Noncore,16179,67,06/28/2023,01/01/2020,06/24/2023
Jefferson County,Montana,MT,30043,Micropolitan,12470,,06/28/2023,01/01/2020,06/24/2023
Lake County,Montana,MT,30047,Noncore,32033,74,06/28/2023,01/01/2020,06/24/2023
Lewis and Clark County,Montana,MT,30049,Micropolitan,72223,228,06/28/2023,01/01/2020,06/24/2023
Liberty County,Montana,MT,30051,Noncore,1946,,06/28/2023,01/01/2020,06/24/2023
Lincoln County,Montana,MT,30053,Noncore,20525,45,06/28/2023,01/01/2020,06/24/2023
Madison County,Montana,MT,30057,Noncore,8917,11,06/28/2023,01/01/2020,06/24/2023
McCone County,Montana,MT,30055,Noncore,1718,,06/28/2023,01/01/2020,06/24/2023
Meagher County,Montana,MT,30059,Noncore,1964,,06/28/2023,01/01/2020,06/24/2023
Mineral County,Montana,MT,30061,Noncore,4860,,06/28/2023,01/01/2020,06/24/2023
Missoula County,Montana,MT,30063,Small metro,119533,385,06/28/2023,01/01/2020,06/24/2023
Musselshell County,Montana,MT,30065,Noncore,4896,11,06/28/2023,01/01/2020,06/24/2023
Park County,Montana,MT,30067,Noncore,17473,43,06/28/2023,01/01/2020,06/24/2023
Phillips County,Montana,MT,30071,Noncore,4192,15,06/28/2023,01/01/2020,06/24/2023
Pondera County,Montana,MT,30073,Noncore,5994,,06/28/2023,01/01/2020,06/24/2023
Powder River County,Montana,MT,30075,Noncore,1702,,06/28/2023,01/01/2020,06/24/2023
Powell County,Montana,MT,30077,Noncore,6999,18,06/28/2023,01/01/2020,06/24/2023
Prairie County,Montana,MT,30079,Noncore,1091,,06/28/2023,01/01/2020,06/24/2023
Ravalli County,Montana,MT,30081,Noncore,45959,120,06/28/2023,01/01/2020,06/24/2023
Richland County,Montana,MT,30083,Noncore,11283,26,06/28/2023,01/01/2020,06/24/2023
Roosevelt County,Montana,MT,30085,Noncore,10821,37,06/28/2023,01/01/2020,06/24/2023
Rosebud County,Montana,MT,30087,Noncore,8124,14,06/28/2023,01/01/2020,06/24/2023
Sanders County,Montana,MT,30089,Noncore,12959,41,06/28/2023,01/01/2020,06/24/2023
Sheridan County,Montana,MT,30091,Noncore,3527,,06/28/2023,01/01/2020,06/24/2023
Silver Bow County,Montana,MT,30093,Micropolitan,35411,145,06/28/2023,01/01/2020,06/24/2023
Stillwater County,Montana,MT,30095,Noncore,9044,,06/28/2023,01/01/2020,06/24/2023
Sweet Grass County,Montana,MT,30097,Noncore,3723,,06/28/2023,01/01/2020,06/24/2023
Teton County,Montana,MT,30099,Noncore,6269,,06/28/2023,01/01/2020,06/24/2023
Toole County,Montana,MT,30101,Noncore,5011,,06/28/2023,01/01/2020,06/24/2023
Valley County,Montana,MT,30105,Noncore,7537,32,06/28/2023,01/01/2020,06/24/2023
Wheatland County,Montana,MT,30107,Noncore,2059,,06/28/2023,01/01/2020,06/24/2023
Wibaux County,Montana,MT,30109,Noncore,934,,06/28/2023,01/01/2020,06/24/2023
Yellowstone County,Montana,MT,30111,Small metro,167146,1135,06/28/2023,01/01/2020,06/24/2023
Adams County,Nebraska,NE,31001,Micropolitan,31027,128,06/28/2023,01/01/2020,06/24/2023
Antelope County,Nebraska,NE,31003,Noncore,6279,15,06/28/2023,01/01/2020,06/24/2023
Boone County,Nebraska,NE,31011,Noncore,5386,16,06/28/2023,01/01/2020,06/24/2023
Box Butte County,Nebraska,NE,31013,Noncore,10604,23,06/28/2023,01/01/2020,06/24/2023
Boyd County,Nebraska,NE,31015,Noncore,1789,,06/28/2023,01/01/2020,06/24/2023
Brown County,Nebraska,NE,31017,Noncore,2908,,06/28/2023,01/01/2020,06/24/2023
Buffalo County,Nebraska,NE,31019,Micropolitan,50339,254,06/28/2023,01/01/2020,06/24/2023
Burt County,Nebraska,NE,31021,Noncore,6709,15,06/28/2023,01/01/2020,06/24/2023
Butler County,Nebraska,NE,31023,Noncore,8444,,06/28/2023,01/01/2020,06/24/2023
Cass County,Nebraska,NE,31025,Medium metro,27017,33,06/28/2023,01/01/2020,06/24/2023
Cedar County,Nebraska,NE,31027,Noncore,8330,23,06/28/2023,01/01/2020,06/24/2023
Chase County,Nebraska,NE,31029,Noncore,3826,,06/28/2023,01/01/2020,06/24/2023
Cherry County,Nebraska,NE,31031,Noncore,5458,,06/28/2023,01/01/2020,06/24/2023
Cheyenne County,Nebraska,NE,31033,Noncore,9529,29,06/28/2023,01/01/2020,06/24/2023
Clay County,Nebraska,NE,31035,Noncore,6078,13,06/28/2023,01/01/2020,06/24/2023
Colfax County,Nebraska,NE,31037,Noncore,10498,10,06/28/2023,01/01/2020,06/24/2023
Cuming County,Nebraska,NE,31039,Noncore,8984,34,06/28/2023,01/01/2020,06/24/2023
Custer County,Nebraska,NE,31041,Noncore,10460,13,06/28/2023,01/01/2020,06/24/2023
Dakota County,Nebraska,NE,31043,Small metro,21241,34,06/28/2023,01/01/2020,06/24/2023
Dawes County,Nebraska,NE,31045,Noncore,8148,25,06/28/2023,01/01/2020,06/24/2023
Dawson County,Nebraska,NE,31047,Micropolitan,23898,59,06/28/2023,01/01/2020,06/24/2023
Deuel County,Nebraska,NE,31049,Noncore,1865,,06/28/2023,01/01/2020,06/24/2023
Dixon County,Nebraska,NE,31051,Small metro,5545,,06/28/2023,01/01/2020,06/24/2023
Dodge County,Nebraska,NE,31053,Micropolitan,37103,149,06/28/2023,01/01/2020,06/24/2023
Douglas County,Nebraska,NE,31055,Medium metro,585008,2082,06/28/2023,01/01/2020,06/24/2023
Dundy County,Nebraska,NE,31057,Noncore,1635,,06/28/2023,01/01/2020,06/24/2023
Fillmore County,Nebraska,NE,31059,Noncore,5546,16,06/28/2023,01/01/2020,06/24/2023
Franklin County,Nebraska,NE,31061,Noncore,2903,,06/28/2023,01/01/2020,06/24/2023
Frontier County,Nebraska,NE,31063,Noncore,2555,,06/28/2023,01/01/2020,06/24/2023
Furnas County,Nebraska,NE,31065,Noncore,4604,,06/28/2023,01/01/2020,06/24/2023
Gage County,Nebraska,NE,31067,Micropolitan,21616,65,06/28/2023,01/01/2020,06/24/2023
Garden County,Nebraska,NE,31069,Noncore,1847,,06/28/2023,01/01/2020,06/24/2023
Garfield County,Nebraska,NE,31071,Noncore,1839,12,06/28/2023,01/01/2020,06/24/2023
Gosper County,Nebraska,NE,31073,Micropolitan,1824,,06/28/2023,01/01/2020,06/24/2023
Greeley County,Nebraska,NE,31077,Noncore,2169,,06/28/2023,01/01/2020,06/24/2023
Hall County,Nebraska,NE,31079,Small metro,61979,255,06/28/2023,01/01/2020,06/24/2023
Hamilton County,Nebraska,NE,31081,Small metro,9386,28,06/28/2023,01/01/2020,06/24/2023
Harlan County,Nebraska,NE,31083,Noncore,3091,,06/28/2023,01/01/2020,06/24/2023
Hitchcock County,Nebraska,NE,31087,Noncore,2586,,06/28/2023,01/01/2020,06/24/2023
Holt County,Nebraska,NE,31089,Noncore,10049,20,06/28/2023,01/01/2020,06/24/2023
Howard County,Nebraska,NE,31093,Small metro,6531,18,06/28/2023,01/01/2020,06/24/2023
Jefferson County,Nebraska,NE,31095,Noncore,7176,,06/28/2023,01/01/2020,06/24/2023
Johnson County,Nebraska,NE,31097,Noncore,5316,15,06/28/2023,01/01/2020,06/24/2023
Kearney County,Nebraska,NE,31099,Micropolitan,6674,,06/28/2023,01/01/2020,06/24/2023
Keith County,Nebraska,NE,31101,Noncore,8279,23,06/28/2023,01/01/2020,06/24/2023
Keya Paha County,Nebraska,NE,31103,Noncore,787,,06/28/2023,01/01/2020,06/24/2023
Kimball County,Nebraska,NE,31105,Noncore,3412,12,06/28/2023,01/01/2020,06/24/2023
Knox County,Nebraska,NE,31107,Noncore,8401,12,06/28/2023,01/01/2020,06/24/2023
Lancaster County,Nebraska,NE,31109,Medium metro,324514,881,06/28/2023,01/01/2020,06/24/2023
Lincoln County,Nebraska,NE,31111,Micropolitan,34133,199,06/28/2023,01/01/2020,06/24/2023
Madison County,Nebraska,NE,31119,Micropolitan,35337,144,06/28/2023,01/01/2020,06/24/2023
Merrick County,Nebraska,NE,31121,Small metro,7665,12,06/28/2023,01/01/2020,06/24/2023
Morrill County,Nebraska,NE,31123,Noncore,4574,25,06/28/2023,01/01/2020,06/24/2023
Nance County,Nebraska,NE,31125,Noncore,3390,13,06/28/2023,01/01/2020,06/24/2023
Nemaha County,Nebraska,NE,31127,Noncore,7064,33,06/28/2023,01/01/2020,06/24/2023
Nuckolls County,Nebraska,NE,31129,Noncore,4060,19,06/28/2023,01/01/2020,06/24/2023
Otoe County,Nebraska,NE,31131,Noncore,15930,25,06/28/2023,01/01/2020,06/24/2023
Pawnee County,Nebraska,NE,31133,Noncore,2548,,06/28/2023,01/01/2020,06/24/2023
Perkins County,Nebraska,NE,31135,Noncore,2832,16,06/28/2023,01/01/2020,06/24/2023
Phelps County,Nebraska,NE,31137,Noncore,8937,27,06/28/2023,01/01/2020,06/24/2023
Pierce County,Nebraska,NE,31139,Micropolitan,7313,22,06/28/2023,01/01/2020,06/24/2023
Platte County,Nebraska,NE,31141,Micropolitan,34241,82,06/28/2023,01/01/2020,06/24/2023
Polk County,Nebraska,NE,31143,Noncore,5174,22,06/28/2023,01/01/2020,06/24/2023
Red Willow County,Nebraska,NE,31145,Noncore,10623,32,06/28/2023,01/01/2020,06/24/2023
Richardson County,Nebraska,NE,31147,Noncore,7759,25,06/28/2023,01/01/2020,06/24/2023
Rock County,Nebraska,NE,31149,Noncore,1264,,06/28/2023,01/01/2020,06/24/2023
Saline County,Nebraska,NE,31151,Noncore,14192,,06/28/2023,01/01/2020,06/24/2023
Sarpy County,Nebraska,NE,31153,Medium metro,193418,232,06/28/2023,01/01/2020,06/24/2023
Saunders County,Nebraska,NE,31155,Medium metro,22787,33,06/28/2023,01/01/2020,06/24/2023
Scotts Bluff County,Nebraska,NE,31157,Micropolitan,35745,200,06/28/2023,01/01/2020,06/24/2023
Seward County,Nebraska,NE,31159,Medium metro,17603,27,06/28/2023,01/01/2020,06/24/2023
Sheridan County,Nebraska,NE,31161,Noncore,5095,27,06/28/2023,01/01/2020,06/24/2023
Sherman County,Nebraska,NE,31163,Noncore,2964,,06/28/2023,01/01/2020,06/24/2023
Sioux County,Nebraska,NE,31165,Micropolitan,1143,,06/28/2023,01/01/2020,06/24/2023
Stanton County,Nebraska,NE,31167,Micropolitan,5816,,06/28/2023,01/01/2020,06/24/2023
Thayer County,Nebraska,NE,31169,Noncore,4913,14,06/28/2023,01/01/2020,06/24/2023
Thurston County,Nebraska,NE,31173,Noncore,6620,13,06/28/2023,01/01/2020,06/24/2023
Valley County,Nebraska,NE,31175,Noncore,4066,,06/28/2023,01/01/2020,06/24/2023
Washington County,Nebraska,NE,31177,Medium metro,20969,33,06/28/2023,01/01/2020,06/24/2023
Wayne County,Nebraska,NE,31179,Noncore,9784,23,06/28/2023,01/01/2020,06/24/2023
Webster County,Nebraska,NE,31181,Noncore,3411,,06/28/2023,01/01/2020,06/24/2023
York County,Nebraska,NE,31185,Noncore,14244,19,06/28/2023,01/01/2020,06/24/2023
Carson City,Nevada,NV,32510,Small metro,58993,411,06/28/2023,01/01/2020,06/24/2023
Churchill County,Nevada,NV,32001,Micropolitan,25723,112,06/28/2023,01/01/2020,06/24/2023
Clark County,Nevada,NV,32003,Large central metro,2292476,9550,06/28/2023,01/01/2020,06/24/2023
Douglas County,Nevada,NV,32005,Micropolitan,49870,63,06/28/2023,01/01/2020,06/24/2023
Elko County,Nevada,NV,32007,Micropolitan,53915,110,06/28/2023,01/01/2020,06/24/2023
Esmeralda County,Nevada,NV,32009,Noncore,743,,06/28/2023,01/01/2020,06/24/2023
Eureka County,Nevada,NV,32011,Micropolitan,1903,,06/28/2023,01/01/2020,06/24/2023
Humboldt County,Nevada,NV,32013,Micropolitan,17648,46,06/28/2023,01/01/2020,06/24/2023
Lander County,Nevada,NV,32015,Noncore,5798,,06/28/2023,01/01/2020,06/24/2023
Lincoln County,Nevada,NV,32017,Noncore,4525,,06/28/2023,01/01/2020,06/24/2023
Lyon County,Nevada,NV,32019,Micropolitan,60903,58,06/28/2023,01/01/2020,06/24/2023
Mineral County,Nevada,NV,32021,Noncore,4586,10,06/28/2023,01/01/2020,06/24/2023
Nye County,Nevada,NV,32023,Micropolitan,53450,86,06/28/2023,01/01/2020,06/24/2023
Pershing County,Nevada,NV,32027,Noncore,6741,14,06/28/2023,01/01/2020,06/24/2023
Storey County,Nevada,NV,32029,Medium metro,4143,,06/28/2023,01/01/2020,06/24/2023
Washoe County,Nevada,NV,32031,Medium metro,493392,1677,06/28/2023,01/01/2020,06/24/2023
White Pine County,Nevada,NV,32033,Noncore,9182,18,06/28/2023,01/01/2020,06/24/2023
Belknap County,New Hampshire,NH,33001,Micropolitan,64460,201,06/28/2023,01/01/2020,06/24/2023
Carroll County,New Hampshire,NH,33003,Noncore,51500,60,06/28/2023,01/01/2020,06/24/2023
Cheshire County,New Hampshire,NH,33005,Micropolitan,77329,149,06/28/2023,01/01/2020,06/24/2023
Coos County,New Hampshire,NH,33007,Micropolitan,31289,126,06/28/2023,01/01/2020,06/24/2023
Grafton County,New Hampshire,NH,33009,Micropolitan,92201,210,06/28/2023,01/01/2020,06/24/2023
Hillsborough County,New Hampshire,NH,33011,Medium metro,424079,1114,06/28/2023,01/01/2020,06/24/2023
Merrimack County,New Hampshire,NH,33013,Micropolitan,155238,367,06/28/2023,01/01/2020,06/24/2023
Rockingham County,New Hampshire,NH,33015,Large fringe metro,316947,518,06/28/2023,01/01/2020,06/24/2023
Strafford County,New Hampshire,NH,33017,Large fringe metro,132416,271,06/28/2023,01/01/2020,06/24/2023
Sullivan County,New Hampshire,NH,33019,Micropolitan,43533,51,06/28/2023,01/01/2020,06/24/2023
Atlantic County,New Jersey,NJ,34001,Medium metro,274966,1091,06/28/2023,01/01/2020,06/24/2023
Bergen County,New Jersey,NJ,34003,Large fringe metro,953819,4242,06/28/2023,01/01/2020,06/24/2023
Burlington County,New Jersey,NJ,34005,Large fringe metro,464269,1330,06/28/2023,01/01/2020,06/24/2023
Camden County,New Jersey,NJ,34007,Large fringe metro,523771,2099,06/28/2023,01/01/2020,06/24/2023
Cape May County,New Jersey,NJ,34009,Small metro,95661,269,06/28/2023,01/01/2020,06/24/2023
Cumberland County,New Jersey,NJ,34011,Small metro,153627,631,06/28/2023,01/01/2020,06/24/2023
Essex County,New Jersey,NJ,34013,Large central metro,854917,4021,06/28/2023,01/01/2020,06/24/2023
Gloucester County,New Jersey,NJ,34015,Large fringe metro,304477,965,06/28/2023,01/01/2020,06/24/2023
Hudson County,New Jersey,NJ,34017,Large central metro,702463,2213,06/28/2023,01/01/2020,06/24/2023
Hunterdon County,New Jersey,NJ,34019,Large fringe metro,129924,296,06/28/2023,01/01/2020,06/24/2023
Mercer County,New Jersey,NJ,34021,Medium metro,385898,1253,06/28/2023,01/01/2020,06/24/2023
Middlesex County,New Jersey,NJ,34023,Large fringe metro,860807,3380,06/28/2023,01/01/2020,06/24/2023
Monmouth County,New Jersey,NJ,34025,Large fringe metro,645354,2562,06/28/2023,01/01/2020,06/24/2023
Morris County,New Jersey,NJ,34027,Large fringe metro,510981,2228,06/28/2023,01/01/2020,06/24/2023
Ocean County,New Jersey,NJ,34029,Large fringe metro,648998,2767,06/28/2023,01/01/2020,06/24/2023
Passaic County,New Jersey,NJ,34031,Large fringe metro,518117,2070,06/28/2023,01/01/2020,06/24/2023
Salem County,New Jersey,NJ,34033,Large fringe metro,65046,173,06/28/2023,01/01/2020,06/24/2023
Somerset County,New Jersey,NJ,34035,Large fringe metro,345647,906,06/28/2023,01/01/2020,06/24/2023
Sussex County,New Jersey,NJ,34037,Large fringe metro,145543,379,06/28/2023,01/01/2020,06/24/2023
Union County,New Jersey,NJ,34039,Large central metro,572114,2182,06/28/2023,01/01/2020,06/24/2023
Warren County,New Jersey,NJ,34041,Medium metro,110731,372,06/28/2023,01/01/2020,06/24/2023
Bernalillo County,New Mexico,NM,35001,Medium metro,674393,3440,06/28/2023,01/01/2020,06/24/2023
Catron County,New Mexico,NM,35003,Noncore,3731,,06/28/2023,01/01/2020,06/24/2023
Chaves County,New Mexico,NM,35005,Micropolitan,64629,338,06/28/2023,01/01/2020,06/24/2023
Cibola County,New Mexico,NM,35006,Micropolitan,27184,117,06/28/2023,01/01/2020,06/24/2023
Colfax County,New Mexico,NM,35007,Noncore,12369,48,06/28/2023,01/01/2020,06/24/2023
Curry County,New Mexico,NM,35009,Micropolitan,47999,185,06/28/2023,01/01/2020,06/24/2023
De Baca County,New Mexico,NM,35011,Noncore,1680,,06/28/2023,01/01/2020,06/24/2023
Dona Ana County,New Mexico,NM,35013,Small metro,221508,964,06/28/2023,01/01/2020,06/24/2023
Eddy County,New Mexico,NM,35015,Micropolitan,60911,190,06/28/2023,01/01/2020,06/24/2023
Grant County,New Mexico,NM,35017,Micropolitan,27889,66,06/28/2023,01/01/2020,06/24/2023
Guadalupe County,New Mexico,NM,35019,Noncore,4449,,06/28/2023,01/01/2020,06/24/2023
Hidalgo County,New Mexico,NM,35023,Noncore,4074,,06/28/2023,01/01/2020,06/24/2023
Lea County,New Mexico,NM,35025,Micropolitan,73004,214,06/28/2023,01/01/2020,06/24/2023
Lincoln County,New Mexico,NM,35027,Noncore,20436,60,06/28/2023,01/01/2020,06/24/2023
Los Alamos County,New Mexico,NM,35028,Micropolitan,19330,28,06/28/2023,01/01/2020,06/24/2023
Luna County,New Mexico,NM,35029,Micropolitan,25532,55,06/28/2023,01/01/2020,06/24/2023
McKinley County,New Mexico,NM,35031,Micropolitan,71780,321,06/28/2023,01/01/2020,06/24/2023
Mora County,New Mexico,NM,35033,Noncore,4196,,06/28/2023,01/01/2020,06/24/2023
Otero County,New Mexico,NM,35035,Micropolitan,68537,157,06/28/2023,01/01/2020,06/24/2023
Quay County,New Mexico,NM,35037,Noncore,8656,25,06/28/2023,01/01/2020,06/24/2023
Rio Arriba County,New Mexico,NM,35039,Micropolitan,40179,106,06/28/2023,01/01/2020,06/24/2023
Roosevelt County,New Mexico,NM,35041,Micropolitan,19019,51,06/28/2023,01/01/2020,06/24/2023
San Juan County,New Mexico,NM,35045,Small metro,120993,822,06/28/2023,01/01/2020,06/24/2023
San Miguel County,New Mexico,NM,35047,Micropolitan,27150,41,06/28/2023,01/01/2020,06/24/2023
Sandoval County,New Mexico,NM,35043,Medium metro,151369,832,06/28/2023,01/01/2020,06/24/2023
Santa Fe County,New Mexico,NM,35049,Small metro,155201,475,06/28/2023,01/01/2020,06/24/2023
Sierra County,New Mexico,NM,35051,Noncore,11502,60,06/28/2023,01/01/2020,06/24/2023
Socorro County,New Mexico,NM,35053,Noncore,16311,39,06/28/2023,01/01/2020,06/24/2023
Taos County,New Mexico,NM,35055,Micropolitan,34623,91,06/28/2023,01/01/2020,06/24/2023
Torrance County,New Mexico,NM,35057,Medium metro,15307,18,06/28/2023,01/01/2020,06/24/2023
Union County,New Mexico,NM,35059,Noncore,4107,,06/28/2023,01/01/2020,06/24/2023
Valencia County,New Mexico,NM,35061,Medium metro,77190,106,06/28/2023,01/01/2020,06/24/2023
Albany County,New York,NY,36001,Medium metro,313743,1270,06/28/2023,01/01/2020,06/24/2023
Allegany County,New York,NY,36003,Noncore,46106,124,06/28/2023,01/01/2020,06/24/2023
Bronx County,New York,NY,36005,Large central metro,1424948,7197,06/28/2023,01/01/2020,06/24/2023
Broome County,New York,NY,36007,Small metro,197240,941,06/28/2023,01/01/2020,06/24/2023
Cattaraugus County,New York,NY,36009,Micropolitan,76426,288,06/28/2023,01/01/2020,06/24/2023
Cayuga County,New York,NY,36011,Micropolitan,75880,164,06/28/2023,01/01/2020,06/24/2023
Chautauqua County,New York,NY,36013,Micropolitan,126807,427,06/28/2023,01/01/2020,06/24/2023
Chemung County,New York,NY,36015,Small metro,83045,377,06/28/2023,01/01/2020,06/24/2023
Chenango County,New York,NY,36017,Noncore,46537,143,06/28/2023,01/01/2020,06/24/2023
Clinton County,New York,NY,36019,Micropolitan,79596,171,06/28/2023,01/01/2020,06/24/2023
Columbia County,New York,NY,36021,Micropolitan,61778,234,06/28/2023,01/01/2020,06/24/2023
Cortland County,New York,NY,36023,Micropolitan,46311,133,06/28/2023,01/01/2020,06/24/2023
Delaware County,New York,NY,36025,Noncore,44378,78,06/28/2023,01/01/2020,06/24/2023
Dutchess County,New York,NY,36027,Large fringe metro,297112,1021,06/28/2023,01/01/2020,06/24/2023
Erie County,New York,NY,36029,Large central metro,950683,4178,06/28/2023,01/01/2020,06/24/2023
Essex County,New York,NY,36031,Noncore,37268,75,06/28/2023,01/01/2020,06/24/2023
Franklin County,New York,NY,36033,Micropolitan,47456,67,06/28/2023,01/01/2020,06/24/2023
Fulton County,New York,NY,36035,Micropolitan,53116,187,06/28/2023,01/01/2020,06/24/2023
Genesee County,New York,NY,36037,Micropolitan,57853,238,06/28/2023,01/01/2020,06/24/2023
Greene County,New York,NY,36039,Noncore,48499,36,06/28/2023,01/01/2020,06/24/2023
Hamilton County,New York,NY,36041,Noncore,5119,,06/28/2023,01/01/2020,06/24/2023
Herkimer County,New York,NY,36043,Medium metro,59937,105,06/28/2023,01/01/2020,06/24/2023
Jefferson County,New York,NY,36045,Small metro,116295,195,06/28/2023,01/01/2020,06/24/2023
Kings County,New York,NY,36047,Large central metro,2641052,11153,06/28/2023,01/01/2020,06/24/2023
Lewis County,New York,NY,36049,Noncore,26573,48,06/28/2023,01/01/2020,06/24/2023
Livingston County,New York,NY,36051,Large fringe metro,61578,130,06/28/2023,01/01/2020,06/24/2023
Madison County,New York,NY,36053,Medium metro,67658,186,06/28/2023,01/01/2020,06/24/2023
Monroe County,New York,NY,36055,Large central metro,755160,2705,06/28/2023,01/01/2020,06/24/2023
Montgomery County,New York,NY,36057,Micropolitan,49558,246,06/28/2023,01/01/2020,06/24/2023
Nassau County,New York,NY,36059,Large fringe metro,1390907,6791,06/28/2023,01/01/2020,06/24/2023
New York County,New York,NY,36061,Large central metro,1576876,7603,06/28/2023,01/01/2020,06/24/2023
Niagara County,New York,NY,36063,Large fringe metro,211653,634,06/28/2023,01/01/2020,06/24/2023
Oneida County,New York,NY,36065,Medium metro,230274,1076,06/28/2023,01/01/2020,06/24/2023
Onondaga County,New York,NY,36067,Medium metro,473236,1854,06/28/2023,01/01/2020,06/24/2023
Ontario County,New York,NY,36069,Large fringe metro,112508,352,06/28/2023,01/01/2020,06/24/2023
Orange County,New York,NY,36071,Large fringe metro,404525,1415,06/28/2023,01/01/2020,06/24/2023
Orleans County,New York,NY,36073,Large fringe metro,40191,94,06/28/2023,01/01/2020,06/24/2023
Oswego County,New York,NY,36075,Medium metro,117387,185,06/28/2023,01/01/2020,06/24/2023
Otsego County,New York,NY,36077,Micropolitan,58123,255,06/28/2023,01/01/2020,06/24/2023
Putnam County,New York,NY,36079,Large fringe metro,97936,139,06/28/2023,01/01/2020,06/24/2023
Queens County,New York,NY,36081,Large central metro,2331143,9628,06/28/2023,01/01/2020,06/24/2023
Rensselaer County,New York,NY,36083,Medium metro,160232,344,06/28/2023,01/01/2020,06/24/2023
Richmond County,New York,NY,36085,Large central metro,493494,2387,06/28/2023,01/01/2020,06/24/2023
Rockland County,New York,NY,36087,Large fringe metro,339227,1375,06/28/2023,01/01/2020,06/24/2023
Saratoga County,New York,NY,36091,Medium metro,237359,357,06/28/2023,01/01/2020,06/24/2023
Schenectady County,New York,NY,36093,Medium metro,158089,439,06/28/2023,01/01/2020,06/24/2023
Schoharie County,New York,NY,36095,Medium metro,29863,27,06/28/2023,01/01/2020,06/24/2023
Schuyler County,New York,NY,36097,Noncore,17752,11,06/28/2023,01/01/2020,06/24/2023
Seneca County,New York,NY,36099,Micropolitan,33688,54,06/28/2023,01/01/2020,06/24/2023
St. Lawrence County,New York,NY,36089,Micropolitan,108051,287,06/28/2023,01/01/2020,06/24/2023
Steuben County,New York,NY,36101,Micropolitan,92948,292,06/28/2023,01/01/2020,06/24/2023
Suffolk County,New York,NY,36103,Large fringe metro,1526344,6683,06/28/2023,01/01/2020,06/24/2023
Sullivan County,New York,NY,36105,Noncore,79806,156,06/28/2023,01/01/2020,06/24/2023
Tioga County,New York,NY,36107,Small metro,47980,78,06/28/2023,01/01/2020,06/24/2023
Tompkins County,New York,NY,36109,Small metro,105162,157,06/28/2023,01/01/2020,06/24/2023
Ulster County,New York,NY,36111,Small metro,182951,331,06/28/2023,01/01/2020,06/24/2023
Warren County,New York,NY,36113,Small metro,65618,307,06/28/2023,01/01/2020,06/24/2023
Washington County,New York,NY,36115,Small metro,60956,91,06/28/2023,01/01/2020,06/24/2023
Wayne County,New York,NY,36117,Large fringe metro,90923,185,06/28/2023,01/01/2020,06/24/2023
Westchester County,New York,NY,36119,Large fringe metro,997895,3957,06/28/2023,01/01/2020,06/24/2023
Wyoming County,New York,NY,36121,Noncore,40491,100,06/28/2023,01/01/2020,06/24/2023
Yates County,New York,NY,36123,Large fringe metro,24613,46,06/28/2023,01/01/2020,06/24/2023
Alamance County,North Carolina,NC,37001,Small metro,173877,458,06/28/2023,01/01/2020,06/24/2023
Alexander County,North Carolina,NC,37003,Medium metro,36644,43,06/28/2023,01/01/2020,06/24/2023
Alleghany County,North Carolina,NC,37005,Noncore,11049,21,06/28/2023,01/01/2020,06/24/2023
Anson County,North Carolina,NC,37007,Noncore,22060,47,06/28/2023,01/01/2020,06/24/2023
Ashe County,North Carolina,NC,37009,Noncore,26711,106,06/28/2023,01/01/2020,06/24/2023
Avery County,North Carolina,NC,37011,Noncore,17864,21,06/28/2023,01/01/2020,06/24/2023
Beaufort County,North Carolina,NC,37013,Micropolitan,44468,190,06/28/2023,01/01/2020,06/24/2023
Bertie County,North Carolina,NC,37015,Noncore,17505,28,06/28/2023,01/01/2020,06/24/2023
Bladen County,North Carolina,NC,37017,Noncore,29525,44,06/28/2023,01/01/2020,06/24/2023
Brunswick County,North Carolina,NC,37019,Medium metro,144215,277,06/28/2023,01/01/2020,06/24/2023
Buncombe County,North Carolina,NC,37021,Medium metro,271534,1228,06/28/2023,01/01/2020,06/24/2023
Burke County,North Carolina,NC,37023,Medium metro,87611,430,06/28/2023,01/01/2020,06/24/2023
Cabarrus County,North Carolina,NC,37025,Large fringe metro,231278,919,06/28/2023,01/01/2020,06/24/2023
Caldwell County,North Carolina,NC,37027,Medium metro,80463,352,06/28/2023,01/01/2020,06/24/2023
Camden County,North Carolina,NC,37029,Micropolitan,10835,,06/28/2023,01/01/2020,06/24/2023
Carteret County,North Carolina,NC,37031,Micropolitan,68541,177,06/28/2023,01/01/2020,06/24/2023
Caswell County,North Carolina,NC,37033,Noncore,22714,22,06/28/2023,01/01/2020,06/24/2023
Catawba County,North Carolina,NC,37035,Medium metro,161723,957,06/28/2023,01/01/2020,06/24/2023
Chatham County,North Carolina,NC,37037,Medium metro,77889,134,06/28/2023,01/01/2020,06/24/2023
Cherokee County,North Carolina,NC,37039,Noncore,29167,104,06/28/2023,01/01/2020,06/24/2023
Chowan County,North Carolina,NC,37041,Noncore,13722,84,06/28/2023,01/01/2020,06/24/2023
Clay County,North Carolina,NC,37043,Noncore,11309,48,06/28/2023,01/01/2020,06/24/2023
Cleveland County,North Carolina,NC,37045,Micropolitan,100359,612,06/28/2023,01/01/2020,06/24/2023
Columbus County,North Carolina,NC,37047,Noncore,50092,212,06/28/2023,01/01/2020,06/24/2023
Craven County,North Carolina,NC,37049,Small metro,100674,397,06/28/2023,01/01/2020,06/24/2023
Cumberland County,North Carolina,NC,37051,Medium metro,335508,994,06/28/2023,01/01/2020,06/24/2023
Currituck County,North Carolina,NC,37053,Large fringe metro,29653,13,06/28/2023,01/01/2020,06/24/2023
Dare County,North Carolina,NC,37055,Micropolitan,37826,23,06/28/2023,01/01/2020,06/24/2023
Davidson County,North Carolina,NC,37057,Medium metro,170637,441,06/28/2023,01/01/2020,06/24/2023
Davie County,North Carolina,NC,37059,Medium metro,43533,56,06/28/2023,01/01/2020,06/24/2023
Duplin County,North Carolina,NC,37061,Noncore,48515,152,06/28/2023,01/01/2020,06/24/2023
Durham County,North Carolina,NC,37063,Medium metro,326126,958,06/28/2023,01/01/2020,06/24/2023
Edgecombe County,North Carolina,NC,37065,Small metro,48359,197,06/28/2023,01/01/2020,06/24/2023
Forsyth County,North Carolina,NC,37067,Medium metro,385523,2033,06/28/2023,01/01/2020,06/24/2023
Franklin County,North Carolina,NC,37069,Large fringe metro,71703,48,06/28/2023,01/01/2020,06/24/2023
Gaston County,North Carolina,NC,37071,Large fringe metro,230856,1022,06/28/2023,01/01/2020,06/24/2023
Gates County,North Carolina,NC,37073,Large fringe metro,10366,14,06/28/2023,01/01/2020,06/24/2023
Graham County,North Carolina,NC,37075,Noncore,8043,,06/28/2023,01/01/2020,06/24/2023
Granville County,North Carolina,NC,37077,Micropolitan,61986,113,06/28/2023,01/01/2020,06/24/2023
Greene County,North Carolina,NC,37079,Noncore,20417,15,06/28/2023,01/01/2020,06/24/2023
Guilford County,North Carolina,NC,37081,Medium metro,542410,2029,06/28/2023,01/01/2020,06/24/2023
Halifax County,North Carolina,NC,37083,Micropolitan,48272,192,06/28/2023,01/01/2020,06/24/2023
Harnett County,North Carolina,NC,37085,Micropolitan,135966,288,06/28/2023,01/01/2020,06/24/2023
Haywood County,North Carolina,NC,37087,Medium metro,62476,249,06/28/2023,01/01/2020,06/24/2023
Henderson County,North Carolina,NC,37089,Medium metro,116829,521,06/28/2023,01/01/2020,06/24/2023
Hertford County,North Carolina,NC,37091,Noncore,21278,148,06/28/2023,01/01/2020,06/24/2023
Hoke County,North Carolina,NC,37093,Medium metro,53114,79,06/28/2023,01/01/2020,06/24/2023
Hyde County,North Carolina,NC,37095,Noncore,4508,,06/28/2023,01/01/2020,06/24/2023
Iredell County,North Carolina,NC,37097,Large fringe metro,191968,697,06/28/2023,01/01/2020,06/24/2023
Jackson County,North Carolina,NC,37099,Micropolitan,43410,126,06/28/2023,01/01/2020,06/24/2023
Johnston County,North Carolina,NC,37101,Large fringe metro,226504,392,06/28/2023,01/01/2020,06/24/2023
Jones County,North Carolina,NC,37103,Small metro,9255,12,06/28/2023,01/01/2020,06/24/2023
Lee County,North Carolina,NC,37105,Micropolitan,64138,131,06/28/2023,01/01/2020,06/24/2023
Lenoir County,North Carolina,NC,37107,Micropolitan,54706,261,06/28/2023,01/01/2020,06/24/2023
Lincoln County,North Carolina,NC,37109,Large fringe metro,89670,240,06/28/2023,01/01/2020,06/24/2023
Macon County,North Carolina,NC,37113,Noncore,37564,109,06/28/2023,01/01/2020,06/24/2023
Madison County,North Carolina,NC,37115,Medium metro,21502,40,06/28/2023,01/01/2020,06/24/2023
Martin County,North Carolina,NC,37117,Noncore,21754,36,06/28/2023,01/01/2020,06/24/2023
McDowell County,North Carolina,NC,37111,Micropolitan,44717,107,06/28/2023,01/01/2020,06/24/2023
Mecklenburg County,North Carolina,NC,37119,Large central metro,1122276,3118,06/28/2023,01/01/2020,06/24/2023
Mitchell County,North Carolina,NC,37121,Noncore,14963,100,06/28/2023,01/01/2020,06/24/2023
Montgomery County,North Carolina,NC,37123,Noncore,25798,42,06/28/2023,01/01/2020,06/24/2023
Moore County,North Carolina,NC,37125,Micropolitan,102763,792,06/28/2023,01/01/2020,06/24/2023
Nash County,North Carolina,NC,37127,Small metro,95176,401,06/28/2023,01/01/2020,06/24/2023
New Hanover County,North Carolina,NC,37129,Medium metro,229018,921,06/28/2023,01/01/2020,06/24/2023
Northampton County,North Carolina,NC,37131,Micropolitan,17129,32,06/28/2023,01/01/2020,06/24/2023
Onslow County,North Carolina,NC,37133,Small metro,206160,357,06/28/2023,01/01/2020,06/24/2023
Orange County,North Carolina,NC,37135,Medium metro,148884,519,06/28/2023,01/01/2020,06/24/2023
Pamlico County,North Carolina,NC,37137,Small metro,12344,10,06/28/2023,01/01/2020,06/24/2023
Pasquotank County,North Carolina,NC,37139,Micropolitan,40821,248,06/28/2023,01/01/2020,06/24/2023
Pender County,North Carolina,NC,37141,Medium metro,62815,47,06/28/2023,01/01/2020,06/24/2023
Perquimans County,North Carolina,NC,37143,Micropolitan,13130,10,06/28/2023,01/01/2020,06/24/2023
Person County,North Carolina,NC,37145,Medium metro,39127,83,06/28/2023,01/01/2020,06/24/2023
Pitt County,North Carolina,NC,37147,Small metro,172169,841,06/28/2023,01/01/2020,06/24/2023
Polk County,North Carolina,NC,37149,Noncore,19656,61,06/28/2023,01/01/2020,06/24/2023
Randolph County,North Carolina,NC,37151,Medium metro,145172,309,06/28/2023,01/01/2020,06/24/2023
Richmond County,North Carolina,NC,37153,Micropolitan,42724,185,06/28/2023,01/01/2020,06/24/2023
Robeson County,North Carolina,NC,37155,Micropolitan,116328,433,06/28/2023,01/01/2020,06/24/2023
Rockingham County,North Carolina,NC,37157,Medium metro,91266,253,06/28/2023,01/01/2020,06/24/2023
Rowan County,North Carolina,NC,37159,Large fringe metro,148150,629,06/28/2023,01/01/2020,06/24/2023
Rutherford County,North Carolina,NC,37161,Micropolitan,64586,322,06/28/2023,01/01/2020,06/24/2023
Sampson County,North Carolina,NC,37163,Noncore,58990,127,06/28/2023,01/01/2020,06/24/2023
Scotland County,North Carolina,NC,37165,Micropolitan,34227,294,06/28/2023,01/01/2020,06/24/2023
Stanly County,North Carolina,NC,37167,Micropolitan,63425,172,06/28/2023,01/01/2020,06/24/2023
Stokes County,North Carolina,NC,37169,Medium metro,44553,65,06/28/2023,01/01/2020,06/24/2023
Surry County,North Carolina,NC,37171,Micropolitan,71152,541,06/28/2023,01/01/2020,06/24/2023
Swain County,North Carolina,NC,37173,Noncore,14136,25,06/28/2023,01/01/2020,06/24/2023
Transylvania County,North Carolina,NC,37175,Micropolitan,33165,75,06/28/2023,01/01/2020,06/24/2023
Tyrrell County,North Carolina,NC,37177,Micropolitan,3254,,06/28/2023,01/01/2020,06/24/2023
Union County,North Carolina,NC,37179,Large fringe metro,243648,531,06/28/2023,01/01/2020,06/24/2023
Vance County,North Carolina,NC,37181,Micropolitan,42185,203,06/28/2023,01/01/2020,06/24/2023
Wake County,North Carolina,NC,37183,Large central metro,1150204,2064,06/28/2023,01/01/2020,06/24/2023
Warren County,North Carolina,NC,37185,Noncore,18762,,06/28/2023,01/01/2020,06/24/2023
Washington County,North Carolina,NC,37187,Noncore,10892,38,06/28/2023,01/01/2020,06/24/2023
Watauga County,North Carolina,NC,37189,Micropolitan,54234,157,06/28/2023,01/01/2020,06/24/2023
Wayne County,North Carolina,NC,37191,Small metro,116835,525,06/28/2023,01/01/2020,06/24/2023
Wilkes County,North Carolina,NC,37193,Micropolitan,65806,246,06/28/2023,01/01/2020,06/24/2023
Wilson County,North Carolina,NC,37195,Micropolitan,78369,348,06/28/2023,01/01/2020,06/24/2023
Yadkin County,North Carolina,NC,37197,Medium metro,37192,50,06/28/2023,01/01/2020,06/24/2023
Yancey County,North Carolina,NC,37199,Noncore,18757,38,06/28/2023,01/01/2020,06/24/2023
Adams County,North Dakota,ND,38001,Noncore,2167,21,06/28/2023,01/01/2020,06/24/2023
Barnes County,North Dakota,ND,38003,Noncore,10806,44,06/28/2023,01/01/2020,06/24/2023
Benson County,North Dakota,ND,38005,Noncore,5809,,06/28/2023,01/01/2020,06/24/2023
Bottineau County,North Dakota,ND,38009,Noncore,6390,15,06/28/2023,01/01/2020,06/24/2023
Bowman County,North Dakota,ND,38011,Noncore,2903,,06/28/2023,01/01/2020,06/24/2023
Burleigh County,North Dakota,ND,38015,Small metro,98933,558,06/28/2023,01/01/2020,06/24/2023
Cass County,North Dakota,ND,38017,Small metro,186562,1075,06/28/2023,01/01/2020,06/24/2023
Cavalier County,North Dakota,ND,38019,Noncore,3662,,06/28/2023,01/01/2020,06/24/2023
Dickey County,North Dakota,ND,38021,Noncore,4897,37,06/28/2023,01/01/2020,06/24/2023
Divide County,North Dakota,ND,38023,Noncore,2188,,06/28/2023,01/01/2020,06/24/2023
Dunn County,North Dakota,ND,38025,Noncore,4035,,06/28/2023,01/01/2020,06/24/2023
Eddy County,North Dakota,ND,38027,Noncore,2337,,06/28/2023,01/01/2020,06/24/2023
Emmons County,North Dakota,ND,38029,Noncore,3271,,06/28/2023,01/01/2020,06/24/2023
Foster County,North Dakota,ND,38031,Noncore,3364,19,06/28/2023,01/01/2020,06/24/2023
Grand Forks County,North Dakota,ND,38035,Small metro,72705,246,06/28/2023,01/01/2020,06/24/2023
Grant County,North Dakota,ND,38037,Noncore,2323,12,06/28/2023,01/01/2020,06/24/2023
Griggs County,North Dakota,ND,38039,Noncore,2281,,06/28/2023,01/01/2020,06/24/2023
Hettinger County,North Dakota,ND,38041,Noncore,2430,,06/28/2023,01/01/2020,06/24/2023
Kidder County,North Dakota,ND,38043,Noncore,2369,,06/28/2023,01/01/2020,06/24/2023
LaMoure County,North Dakota,ND,38045,Noncore,4066,15,06/28/2023,01/01/2020,06/24/2023
Logan County,North Dakota,ND,38047,Noncore,1883,,06/28/2023,01/01/2020,06/24/2023
McHenry County,North Dakota,ND,38049,Micropolitan,5249,20,06/28/2023,01/01/2020,06/24/2023
McIntosh County,North Dakota,ND,38051,Noncore,2513,,06/28/2023,01/01/2020,06/24/2023
McKenzie County,North Dakota,ND,38053,Noncore,13819,,06/28/2023,01/01/2020,06/24/2023
McLean County,North Dakota,ND,38055,Noncore,9796,40,06/28/2023,01/01/2020,06/24/2023
Mercer County,North Dakota,ND,38057,Noncore,8323,,06/28/2023,01/01/2020,06/24/2023
Morton County,North Dakota,ND,38059,Small metro,33611,60,06/28/2023,01/01/2020,06/24/2023
Mountrail County,North Dakota,ND,38061,Noncore,9576,,06/28/2023,01/01/2020,06/24/2023
Nelson County,North Dakota,ND,38063,Noncore,3054,18,06/28/2023,01/01/2020,06/24/2023
Pembina County,North Dakota,ND,38067,Noncore,6767,16,06/28/2023,01/01/2020,06/24/2023
Pierce County,North Dakota,ND,38069,Noncore,3953,32,06/28/2023,01/01/2020,06/24/2023
Ramsey County,North Dakota,ND,38071,Noncore,11572,50,06/28/2023,01/01/2020,06/24/2023
Ransom County,North Dakota,ND,38073,Noncore,5675,30,06/28/2023,01/01/2020,06/24/2023
Renville County,North Dakota,ND,38075,Micropolitan,2266,10,06/28/2023,01/01/2020,06/24/2023
Richland County,North Dakota,ND,38077,Micropolitan,16560,10,06/28/2023,01/01/2020,06/24/2023
Rolette County,North Dakota,ND,38079,Noncore,12048,21,06/28/2023,01/01/2020,06/24/2023
Sargent County,North Dakota,ND,38081,Noncore,3829,,06/28/2023,01/01/2020,06/24/2023
Stark County,North Dakota,ND,38089,Micropolitan,33046,82,06/28/2023,01/01/2020,06/24/2023
Steele County,North Dakota,ND,38091,Noncore,1810,,06/28/2023,01/01/2020,06/24/2023
Stutsman County,North Dakota,ND,38093,Micropolitan,21576,85,06/28/2023,01/01/2020,06/24/2023
Towner County,North Dakota,ND,38095,Noncore,2140,,06/28/2023,01/01/2020,06/24/2023
Traill County,North Dakota,ND,38097,Noncore,8003,25,06/28/2023,01/01/2020,06/24/2023
Walsh County,North Dakota,ND,38099,Noncore,10469,36,06/28/2023,01/01/2020,06/24/2023
Ward County,North Dakota,ND,38101,Micropolitan,69071,358,06/28/2023,01/01/2020,06/24/2023
Wells County,North Dakota,ND,38103,Noncore,3905,12,06/28/2023,01/01/2020,06/24/2023
Williams County,North Dakota,ND,38105,Micropolitan,38484,53,06/28/2023,01/01/2020,06/24/2023
Adams County,Ohio,OH,39001,Noncore,27542,104,06/28/2023,01/01/2020,06/24/2023
Allen County,Ohio,OH,39003,Small metro,101670,908,06/28/2023,01/01/2020,06/24/2023
Ashland County,Ohio,OH,39005,Micropolitan,52316,219,06/28/2023,01/01/2020,06/24/2023
Ashtabula County,Ohio,OH,39007,Micropolitan,97337,467,06/28/2023,01/01/2020,06/24/2023
Athens County,Ohio,OH,39009,Micropolitan,62056,130,06/28/2023,01/01/2020,06/24/2023
Auglaize County,Ohio,OH,39011,Micropolitan,46141,149,06/28/2023,01/01/2020,06/24/2023
Belmont County,Ohio,OH,39013,Small metro,65849,187,06/28/2023,01/01/2020,06/24/2023
Brown County,Ohio,OH,39015,Large fringe metro,43662,70,06/28/2023,01/01/2020,06/24/2023
Butler County,Ohio,OH,39017,Large fringe metro,390234,1281,06/28/2023,01/01/2020,06/24/2023
Carroll County,Ohio,OH,39019,Medium metro,26691,39,06/28/2023,01/01/2020,06/24/2023
Champaign County,Ohio,OH,39021,Micropolitan,38699,67,06/28/2023,01/01/2020,06/24/2023
Clark County,Ohio,OH,39023,Small metro,135633,650,06/28/2023,01/01/2020,06/24/2023
Clermont County,Ohio,OH,39025,Large fringe metro,209642,337,06/28/2023,01/01/2020,06/24/2023
Clinton County,Ohio,OH,39027,Micropolitan,42004,159,06/28/2023,01/01/2020,06/24/2023
Columbiana County,Ohio,OH,39029,Micropolitan,101310,452,06/28/2023,01/01/2020,06/24/2023
Coshocton County,Ohio,OH,39031,Micropolitan,36618,91,06/28/2023,01/01/2020,06/24/2023
Crawford County,Ohio,OH,39033,Micropolitan,41754,231,06/28/2023,01/01/2020,06/24/2023
Cuyahoga County,Ohio,OH,39035,Large central metro,1249387,6225,06/28/2023,01/01/2020,06/24/2023
Darke County,Ohio,OH,39037,Micropolitan,51597,162,06/28/2023,01/01/2020,06/24/2023
Defiance County,Ohio,OH,39039,Micropolitan,38144,187,06/28/2023,01/01/2020,06/24/2023
Delaware County,Ohio,OH,39041,Large fringe metro,220740,218,06/28/2023,01/01/2020,06/24/2023
Erie County,Ohio,OH,39043,Micropolitan,74852,395,06/28/2023,01/01/2020,06/24/2023
Fairfield County,Ohio,OH,39045,Large fringe metro,161064,550,06/28/2023,01/01/2020,06/24/2023
Fayette County,Ohio,OH,39047,Micropolitan,28906,84,06/28/2023,01/01/2020,06/24/2023
Franklin County,Ohio,OH,39049,Large central metro,1321414,5213,06/28/2023,01/01/2020,06/24/2023
Fulton County,Ohio,OH,39051,Medium metro,42450,120,06/28/2023,01/01/2020,06/24/2023
Gallia County,Ohio,OH,39053,Micropolitan,29158,262,06/28/2023,01/01/2020,06/24/2023
Geauga County,Ohio,OH,39055,Large fringe metro,95565,436,06/28/2023,01/01/2020,06/24/2023
Greene County,Ohio,OH,39057,Medium metro,168412,572,06/28/2023,01/01/2020,06/24/2023
Guernsey County,Ohio,OH,39059,Micropolitan,38287,133,06/28/2023,01/01/2020,06/24/2023
Hamilton County,Ohio,OH,39061,Large central metro,826139,3689,06/28/2023,01/01/2020,06/24/2023
Hancock County,Ohio,OH,39063,Micropolitan,74656,467,06/28/2023,01/01/2020,06/24/2023
Hardin County,Ohio,OH,39065,Noncore,30621,48,06/28/2023,01/01/2020,06/24/2023
Harrison County,Ohio,OH,39067,Noncore,14477,43,06/28/2023,01/01/2020,06/24/2023
Henry County,Ohio,OH,39069,Noncore,27538,67,06/28/2023,01/01/2020,06/24/2023
Highland County,Ohio,OH,39071,Noncore,43354,106,06/28/2023,01/01/2020,06/24/2023
Hocking County,Ohio,OH,39073,Large fringe metro,28097,66,06/28/2023,01/01/2020,06/24/2023
Holmes County,Ohio,OH,39075,Noncore,44271,213,06/28/2023,01/01/2020,06/24/2023
Huron County,Ohio,OH,39077,Micropolitan,58367,190,06/28/2023,01/01/2020,06/24/2023
Jackson County,Ohio,OH,39079,Micropolitan,32511,78,06/28/2023,01/01/2020,06/24/2023
Jefferson County,Ohio,OH,39081,Small metro,64789,355,06/28/2023,01/01/2020,06/24/2023
Knox County,Ohio,OH,39083,Micropolitan,62897,210,06/28/2023,01/01/2020,06/24/2023
Lake County,Ohio,OH,39085,Large fringe metro,232023,730,06/28/2023,01/01/2020,06/24/2023
Lawrence County,Ohio,OH,39087,Medium metro,57445,80,06/28/2023,01/01/2020,06/24/2023
Licking County,Ohio,OH,39089,Large fringe metro,180401,506,06/28/2023,01/01/2020,06/24/2023
Logan County,Ohio,OH,39091,Micropolitan,46035,117,06/28/2023,01/01/2020,06/24/2023
Lorain County,Ohio,OH,39093,Large fringe metro,315595,1190,06/28/2023,01/01/2020,06/24/2023
Lucas County,Ohio,OH,39095,Medium metro,429191,2682,06/28/2023,01/01/2020,06/24/2023
Madison County,Ohio,OH,39097,Large fringe metro,44386,73,06/28/2023,01/01/2020,06/24/2023
Mahoning County,Ohio,OH,39099,Medium metro,226762,1590,06/28/2023,01/01/2020,06/24/2023
Marion County,Ohio,OH,39101,Micropolitan,65291,451,06/28/2023,01/01/2020,06/24/2023
Medina County,Ohio,OH,39103,Large fringe metro,183092,392,06/28/2023,01/01/2020,06/24/2023
Meigs County,Ohio,OH,39105,Noncore,22049,42,06/28/2023,01/01/2020,06/24/2023
Mercer County,Ohio,OH,39107,Micropolitan,42309,120,06/28/2023,01/01/2020,06/24/2023
Miami County,Ohio,OH,39109,Medium metro,109264,445,06/28/2023,01/01/2020,06/24/2023
Monroe County,Ohio,OH,39111,Noncore,13329,27,06/28/2023,01/01/2020,06/24/2023
Montgomery County,Ohio,OH,39113,Medium metro,535840,3485,06/28/2023,01/01/2020,06/24/2023
Morgan County,Ohio,OH,39115,Noncore,13682,47,06/28/2023,01/01/2020,06/24/2023
Morrow County,Ohio,OH,39117,Large fringe metro,35151,41,06/28/2023,01/01/2020,06/24/2023
Muskingum County,Ohio,OH,39119,Micropolitan,86408,485,06/28/2023,01/01/2020,06/24/2023
Noble County,Ohio,OH,39121,Noncore,14176,44,06/28/2023,01/01/2020,06/24/2023
Ottawa County,Ohio,OH,39123,Micropolitan,40104,97,06/28/2023,01/01/2020,06/24/2023
Paulding County,Ohio,OH,39125,Noncore,18871,47,06/28/2023,01/01/2020,06/24/2023
Perry County,Ohio,OH,39127,Large fringe metro,35460,58,06/28/2023,01/01/2020,06/24/2023
Pickaway County,Ohio,OH,39129,Large fringe metro,59333,191,06/28/2023,01/01/2020,06/24/2023
Pike County,Ohio,OH,39131,Noncore,27089,56,06/28/2023,01/01/2020,06/24/2023
Portage County,Ohio,OH,39133,Medium metro,162382,439,06/28/2023,01/01/2020,06/24/2023
Preble County,Ohio,OH,39135,Noncore,40867,53,06/28/2023,01/01/2020,06/24/2023
Putnam County,Ohio,OH,39137,Noncore,34318,86,06/28/2023,01/01/2020,06/24/2023
Richland County,Ohio,OH,39139,Small metro,125195,603,06/28/2023,01/01/2020,06/24/2023
Ross County,Ohio,OH,39141,Micropolitan,76891,487,06/28/2023,01/01/2020,06/24/2023
Sandusky County,Ohio,OH,39143,Micropolitan,58715,232,06/28/2023,01/01/2020,06/24/2023
Scioto County,Ohio,OH,39145,Micropolitan,73346,417,06/28/2023,01/01/2020,06/24/2023
Seneca County,Ohio,OH,39147,Micropolitan,54906,162,06/28/2023,01/01/2020,06/24/2023
Shelby County,Ohio,OH,39149,Micropolitan,47977,131,06/28/2023,01/01/2020,06/24/2023
Stark County,Ohio,OH,39151,Medium metro,373834,2293,06/28/2023,01/01/2020,06/24/2023
Summit County,Ohio,OH,39153,Medium metro,537633,2314,06/28/2023,01/01/2020,06/24/2023
Trumbull County,Ohio,OH,39155,Medium metro,201335,856,06/28/2023,01/01/2020,06/24/2023
Tuscarawas County,Ohio,OH,39157,Micropolitan,92500,512,06/28/2023,01/01/2020,06/24/2023
Union County,Ohio,OH,39159,Large fringe metro,64971,124,06/28/2023,01/01/2020,06/24/2023
Van Wert County,Ohio,OH,39161,Micropolitan,28732,114,06/28/2023,01/01/2020,06/24/2023
Vinton County,Ohio,OH,39163,Noncore,12696,25,06/28/2023,01/01/2020,06/24/2023
Warren County,Ohio,OH,39165,Large fringe metro,246553,546,06/28/2023,01/01/2020,06/24/2023
Washington County,Ohio,OH,39167,Micropolitan,59423,440,06/28/2023,01/01/2020,06/24/2023
Wayne County,Ohio,OH,39169,Micropolitan,116710,466,06/28/2023,01/01/2020,06/24/2023
Williams County,Ohio,OH,39171,Noncore,36716,133,06/28/2023,01/01/2020,06/24/2023
Wood County,Ohio,OH,39173,Medium metro,132472,290,06/28/2023,01/01/2020,06/24/2023
Wyandot County,Ohio,OH,39175,Noncore,21708,65,06/28/2023,01/01/2020,06/24/2023
Adair County,Oklahoma,OK,40001,Noncore,19414,42,06/28/2023,01/01/2020,06/24/2023
Alfalfa County,Oklahoma,OK,40003,Noncore,5710,,06/28/2023,01/01/2020,06/24/2023
Atoka County,Oklahoma,OK,40005,Noncore,14324,39,06/28/2023,01/01/2020,06/24/2023
Beaver County,Oklahoma,OK,40007,Noncore,4980,10,06/28/2023,01/01/2020,06/24/2023
Beckham County,Oklahoma,OK,40009,Micropolitan,22046,120,06/28/2023,01/01/2020,06/24/2023
Blaine County,Oklahoma,OK,40011,Noncore,8562,24,06/28/2023,01/01/2020,06/24/2023
Bryan County,Oklahoma,OK,40013,Micropolitan,47105,226,06/28/2023,01/01/2020,06/24/2023
Caddo County,Oklahoma,OK,40015,Noncore,26368,97,06/28/2023,01/01/2020,06/24/2023
Canadian County,Oklahoma,OK,40017,Large fringe metro,161737,266,06/28/2023,01/01/2020,06/24/2023
Carter County,Oklahoma,OK,40019,Micropolitan,48291,313,06/28/2023,01/01/2020,06/24/2023
Cherokee County,Oklahoma,OK,40021,Micropolitan,47627,245,06/28/2023,01/01/2020,06/24/2023
Choctaw County,Oklahoma,OK,40023,Noncore,14307,48,06/28/2023,01/01/2020,06/24/2023
Cimarron County,Oklahoma,OK,40025,Noncore,2248,,06/28/2023,01/01/2020,06/24/2023
Cleveland County,Oklahoma,OK,40027,Large fringe metro,297597,919,06/28/2023,01/01/2020,06/24/2023
Coal County,Oklahoma,OK,40029,Noncore,5276,15,06/28/2023,01/01/2020,06/24/2023
Comanche County,Oklahoma,OK,40031,Small metro,122063,513,06/28/2023,01/01/2020,06/24/2023
Cotton County,Oklahoma,OK,40033,Small metro,5480,15,06/28/2023,01/01/2020,06/24/2023
Craig County,Oklahoma,OK,40035,Noncore,14115,39,06/28/2023,01/01/2020,06/24/2023
Creek County,Oklahoma,OK,40037,Medium metro,72029,122,06/28/2023,01/01/2020,06/24/2023
Custer County,Oklahoma,OK,40039,Micropolitan,28163,120,06/28/2023,01/01/2020,06/24/2023
Delaware County,Oklahoma,OK,40041,Noncore,41000,166,06/28/2023,01/01/2020,06/24/2023
Dewey County,Oklahoma,OK,40043,Noncore,4417,32,06/28/2023,01/01/2020,06/24/2023
Ellis County,Oklahoma,OK,40045,Noncore,3762,,06/28/2023,01/01/2020,06/24/2023
Garfield County,Oklahoma,OK,40047,Micropolitan,61926,389,06/28/2023,01/01/2020,06/24/2023
Garvin County,Oklahoma,OK,40049,Noncore,25804,87,06/28/2023,01/01/2020,06/24/2023
Grady County,Oklahoma,OK,40051,Large fringe metro,55508,159,06/28/2023,01/01/2020,06/24/2023
Grant County,Oklahoma,OK,40053,Noncore,4131,,06/28/2023,01/01/2020,06/24/2023
Greer County,Oklahoma,OK,40055,Noncore,5487,31,06/28/2023,01/01/2020,06/24/2023
Harmon County,Oklahoma,OK,40057,Noncore,2418,,06/28/2023,01/01/2020,06/24/2023
Harper County,Oklahoma,OK,40059,Noncore,3180,,06/28/2023,01/01/2020,06/24/2023
Haskell County,Oklahoma,OK,40061,Noncore,11602,23,06/28/2023,01/01/2020,06/24/2023
Hughes County,Oklahoma,OK,40063,Noncore,13405,42,06/28/2023,01/01/2020,06/24/2023
Jackson County,Oklahoma,OK,40065,Micropolitan,24777,134,06/28/2023,01/01/2020,06/24/2023
Jefferson County,Oklahoma,OK,40067,Noncore,5438,17,06/28/2023,01/01/2020,06/24/2023
Johnston County,Oklahoma,OK,40069,Noncore,10301,27,06/28/2023,01/01/2020,06/24/2023
Kay County,Oklahoma,OK,40071,Micropolitan,43732,206,06/28/2023,01/01/2020,06/24/2023
Kingfisher County,Oklahoma,OK,40073,Noncore,15204,51,06/28/2023,01/01/2020,06/24/2023
Kiowa County,Oklahoma,OK,40075,Noncore,8410,37,06/28/2023,01/01/2020,06/24/2023
Latimer County,Oklahoma,OK,40077,Noncore,9427,31,06/28/2023,01/01/2020,06/24/2023
Le Flore County,Oklahoma,OK,40079,Medium metro,48476,72,06/28/2023,01/01/2020,06/24/2023
Lincoln County,Oklahoma,OK,40081,Large fringe metro,33829,59,06/28/2023,01/01/2020,06/24/2023
Logan County,Oklahoma,OK,40083,Large fringe metro,50885,81,06/28/2023,01/01/2020,06/24/2023
Love County,Oklahoma,OK,40085,Noncore,10216,48,06/28/2023,01/01/2020,06/24/2023
Major County,Oklahoma,OK,40093,Noncore,7668,35,06/28/2023,01/01/2020,06/24/2023
Marshall County,Oklahoma,OK,40095,Noncore,15594,20,06/28/2023,01/01/2020,06/24/2023
Mayes County,Oklahoma,OK,40097,Noncore,39159,66,06/28/2023,01/01/2020,06/24/2023
McClain County,Oklahoma,OK,40087,Large fringe metro,43516,51,06/28/2023,01/01/2020,06/24/2023
McCurtain County,Oklahoma,OK,40089,Noncore,30884,107,06/28/2023,01/01/2020,06/24/2023
McIntosh County,Oklahoma,OK,40091,Noncore,19245,31,06/28/2023,01/01/2020,06/24/2023
Murray County,Oklahoma,OK,40099,Noncore,13718,78,06/28/2023,01/01/2020,06/24/2023
Muskogee County,Oklahoma,OK,40101,Micropolitan,66146,504,06/28/2023,01/01/2020,06/24/2023
Noble County,Oklahoma,OK,40103,Noncore,10933,27,06/28/2023,01/01/2020,06/24/2023
Nowata County,Oklahoma,OK,40105,Noncore,9303,21,06/28/2023,01/01/2020,06/24/2023
Okfuskee County,Oklahoma,OK,40107,Noncore,11197,31,06/28/2023,01/01/2020,06/24/2023
Oklahoma County,Oklahoma,OK,40109,Large central metro,798575,5245,06/28/2023,01/01/2020,06/24/2023
Okmulgee County,Oklahoma,OK,40111,Medium metro,36843,99,06/28/2023,01/01/2020,06/24/2023
Osage County,Oklahoma,OK,40113,Medium metro,45772,64,06/28/2023,01/01/2020,06/24/2023
Ottawa County,Oklahoma,OK,40115,Micropolitan,30340,125,06/28/2023,01/01/2020,06/24/2023
Pawnee County,Oklahoma,OK,40117,Medium metro,15741,29,06/28/2023,01/01/2020,06/24/2023
Payne County,Oklahoma,OK,40119,Micropolitan,81989,197,06/28/2023,01/01/2020,06/24/2023
Pittsburg County,Oklahoma,OK,40121,Micropolitan,43633,270,06/28/2023,01/01/2020,06/24/2023
Pontotoc County,Oklahoma,OK,40123,Micropolitan,38163,243,06/28/2023,01/01/2020,06/24/2023
Pottawatomie County,Oklahoma,OK,40125,Micropolitan,73019,392,06/28/2023,01/01/2020,06/24/2023
Pushmataha County,Oklahoma,OK,40127,Noncore,10815,28,06/28/2023,01/01/2020,06/24/2023
Roger Mills County,Oklahoma,OK,40129,Noncore,3386,,06/28/2023,01/01/2020,06/24/2023
Rogers County,Oklahoma,OK,40131,Medium metro,96695,214,06/28/2023,01/01/2020,06/24/2023
Seminole County,Oklahoma,OK,40133,Noncore,23567,52,06/28/2023,01/01/2020,06/24/2023
Sequoyah County,Oklahoma,OK,40135,Medium metro,39508,73,06/28/2023,01/01/2020,06/24/2023
Stephens County,Oklahoma,OK,40137,Micropolitan,43129,269,06/28/2023,01/01/2020,06/24/2023
Texas County,Oklahoma,OK,40139,Micropolitan,20865,42,06/28/2023,01/01/2020,06/24/2023
Tillman County,Oklahoma,OK,40141,Noncore,7076,,06/28/2023,01/01/2020,06/24/2023
Tulsa County,Oklahoma,OK,40143,Medium metro,672858,4491,06/28/2023,01/01/2020,06/24/2023
Wagoner County,Oklahoma,OK,40145,Medium metro,84050,82,06/28/2023,01/01/2020,06/24/2023
Washington County,Oklahoma,OK,40147,Micropolitan,52772,414,06/28/2023,01/01/2020,06/24/2023
Washita County,Oklahoma,OK,40149,Noncore,10915,30,06/28/2023,01/01/2020,06/24/2023
Woods County,Oklahoma,OK,40151,Noncore,8583,37,06/28/2023,01/01/2020,06/24/2023
Woodward County,Oklahoma,OK,40153,Micropolitan,20205,100,06/28/2023,01/01/2020,06/24/2023
Baker County,Oregon,OR,41001,Noncore,16847,32,06/28/2023,01/01/2020,06/24/2023
Benton County,Oregon,OR,41003,Small metro,96017,157,06/28/2023,01/01/2020,06/24/2023
Clackamas County,Oregon,OR,41005,Large fringe metro,422537,758,06/28/2023,01/01/2020,06/24/2023
Clatsop County,Oregon,OR,41007,Micropolitan,41810,51,06/28/2023,01/01/2020,06/24/2023
Columbia County,Oregon,OR,41009,Large fringe metro,53074,32,06/28/2023,01/01/2020,06/24/2023
Coos County,Oregon,OR,41011,Micropolitan,64999,149,06/28/2023,01/01/2020,06/24/2023
Crook County,Oregon,OR,41013,Micropolitan,25739,48,06/28/2023,01/01/2020,06/24/2023
Curry County,Oregon,OR,41015,Micropolitan,23683,44,06/28/2023,01/01/2020,06/24/2023
Deschutes County,Oregon,OR,41017,Small metro,204801,597,06/28/2023,01/01/2020,06/24/2023
Douglas County,Oregon,OR,41019,Micropolitan,111978,388,06/28/2023,01/01/2020,06/24/2023
Gilliam County,Oregon,OR,41021,Noncore,2005,,06/28/2023,01/01/2020,06/24/2023
Grant County,Oregon,OR,41023,Noncore,7272,10,06/28/2023,01/01/2020,06/24/2023
Harney County,Oregon,OR,41025,Noncore,7575,23,06/28/2023,01/01/2020,06/24/2023
Hood River County,Oregon,OR,41027,Micropolitan,24057,34,06/28/2023,01/01/2020,06/24/2023
Jackson County,Oregon,OR,41029,Small metro,223734,658,06/28/2023,01/01/2020,06/24/2023
Jefferson County,Oregon,OR,41031,Noncore,25068,34,06/28/2023,01/01/2020,06/24/2023
Josephine County,Oregon,OR,41033,Small metro,88346,367,06/28/2023,01/01/2020,06/24/2023
Klamath County,Oregon,OR,41035,Micropolitan,70164,234,06/28/2023,01/01/2020,06/24/2023
Lake County,Oregon,OR,41037,Noncore,8276,17,06/28/2023,01/01/2020,06/24/2023
Lane County,Oregon,OR,41039,Medium metro,383189,740,06/28/2023,01/01/2020,06/24/2023
Lincoln County,Oregon,OR,41041,Micropolitan,50862,80,06/28/2023,01/01/2020,06/24/2023
Linn County,Oregon,OR,41043,Small metro,129839,215,06/28/2023,01/01/2020,06/24/2023
Malheur County,Oregon,OR,41045,Micropolitan,31693,52,06/28/2023,01/01/2020,06/24/2023
Marion County,Oregon,OR,41047,Medium metro,347119,848,06/28/2023,01/01/2020,06/24/2023
Morrow County,Oregon,OR,41049,Micropolitan,12303,,06/28/2023,01/01/2020,06/24/2023
Multnomah County,Oregon,OR,41051,Large central metro,803377,1950,06/28/2023,01/01/2020,06/24/2023
Polk County,Oregon,OR,41053,Medium metro,89164,54,06/28/2023,01/01/2020,06/24/2023
Tillamook County,Oregon,OR,41057,Noncore,27748,54,06/28/2023,01/01/2020,06/24/2023
Umatilla County,Oregon,OR,41059,Micropolitan,79988,161,06/28/2023,01/01/2020,06/24/2023
Union County,Oregon,OR,41061,Micropolitan,26212,74,06/28/2023,01/01/2020,06/24/2023
Wallowa County,Oregon,OR,41063,Noncore,7545,18,06/28/2023,01/01/2020,06/24/2023
Wasco County,Oregon,OR,41065,Micropolitan,26726,75,06/28/2023,01/01/2020,06/24/2023
Washington County,Oregon,OR,41067,Large fringe metro,600811,932,06/28/2023,01/01/2020,06/24/2023
Yamhill County,Oregon,OR,41071,Large fringe metro,108239,204,06/28/2023,01/01/2020,06/24/2023
Adams County,Pennsylvania,PA,42001,Small metro,104127,322,06/28/2023,01/01/2020,06/24/2023
Allegheny County,Pennsylvania,PA,42003,Large central metro,1238090,5539,06/28/2023,01/01/2020,06/24/2023
Armstrong County,Pennsylvania,PA,42005,Large fringe metro,65093,243,06/28/2023,01/01/2020,06/24/2023
Beaver County,Pennsylvania,PA,42007,Large fringe metro,166624,725,06/28/2023,01/01/2020,06/24/2023
Bedford County,Pennsylvania,PA,42009,Noncore,47461,122,06/28/2023,01/01/2020,06/24/2023
Berks County,Pennsylvania,PA,42011,Medium metro,429342,1643,06/28/2023,01/01/2020,06/24/2023
Blair County,Pennsylvania,PA,42013,Small metro,121767,893,06/28/2023,01/01/2020,06/24/2023
Bradford County,Pennsylvania,PA,42015,Micropolitan,59892,413,06/28/2023,01/01/2020,06/24/2023
Bucks County,Pennsylvania,PA,42017,Large fringe metro,646098,2055,06/28/2023,01/01/2020,06/24/2023
Butler County,Pennsylvania,PA,42019,Large fringe metro,194273,820,06/28/2023,01/01/2020,06/24/2023
Cambria County,Pennsylvania,PA,42021,Small metro,132167,783,06/28/2023,01/01/2020,06/24/2023
Cameron County,Pennsylvania,PA,42023,Noncore,4459,,06/28/2023,01/01/2020,06/24/2023
Carbon County,Pennsylvania,PA,42025,Medium metro,65412,247,06/28/2023,01/01/2020,06/24/2023
Centre County,Pennsylvania,PA,42027,Small metro,157527,419,06/28/2023,01/01/2020,06/24/2023
Chester County,Pennsylvania,PA,42029,Large fringe metro,538649,1503,06/28/2023,01/01/2020,06/24/2023
Clarion County,Pennsylvania,PA,42031,Noncore,37156,155,06/28/2023,01/01/2020,06/24/2023
Clearfield County,Pennsylvania,PA,42033,Micropolitan,80082,479,06/28/2023,01/01/2020,06/24/2023
Clinton County,Pennsylvania,PA,42035,Micropolitan,37465,48,06/28/2023,01/01/2020,06/24/2023
Columbia County,Pennsylvania,PA,42037,Small metro,64872,136,06/28/2023,01/01/2020,06/24/2023
Crawford County,Pennsylvania,PA,42039,Micropolitan,83351,344,06/28/2023,01/01/2020,06/24/2023
Cumberland County,Pennsylvania,PA,42041,Medium metro,262919,1215,06/28/2023,01/01/2020,06/24/2023
Dauphin County,Pennsylvania,PA,42043,Medium metro,287400,1510,06/28/2023,01/01/2020,06/24/2023
Delaware County,Pennsylvania,PA,42045,Large fringe metro,573849,1957,06/28/2023,01/01/2020,06/24/2023
Elk County,Pennsylvania,PA,42047,Noncore,30783,80,06/28/2023,01/01/2020,06/24/2023
Erie County,Pennsylvania,PA,42049,Medium metro,269011,1234,06/28/2023,01/01/2020,06/24/2023
Fayette County,Pennsylvania,PA,42051,Large fringe metro,126931,638,06/28/2023,01/01/2020,06/24/2023
Forest County,Pennsylvania,PA,42053,Noncore,7032,22,06/28/2023,01/01/2020,06/24/2023
Franklin County,Pennsylvania,PA,42055,Small metro,156289,852,06/28/2023,01/01/2020,06/24/2023
Fulton County,Pennsylvania,PA,42057,Noncore,14523,47,06/28/2023,01/01/2020,06/24/2023
Greene County,Pennsylvania,PA,42059,Noncore,35369,73,06/28/2023,01/01/2020,06/24/2023
Huntingdon County,Pennsylvania,PA,42061,Micropolitan,43889,181,06/28/2023,01/01/2020,06/24/2023
Indiana County,Pennsylvania,PA,42063,Micropolitan,82886,371,06/28/2023,01/01/2020,06/24/2023
Jefferson County,Pennsylvania,PA,42065,Noncore,44114,199,06/28/2023,01/01/2020,06/24/2023
Juniata County,Pennsylvania,PA,42067,Noncore,23297,89,06/28/2023,01/01/2020,06/24/2023
Lackawanna County,Pennsylvania,PA,42069,Medium metro,215663,1073,06/28/2023,01/01/2020,06/24/2023
Lancaster County,Pennsylvania,PA,42071,Medium metro,553652,2051,06/28/2023,01/01/2020,06/24/2023
Lawrence County,Pennsylvania,PA,42073,Micropolitan,85497,397,06/28/2023,01/01/2020,06/24/2023
Lebanon County,Pennsylvania,PA,42075,Small metro,143493,474,06/28/2023,01/01/2020,06/24/2023
Lehigh County,Pennsylvania,PA,42077,Medium metro,375539,2393,06/28/2023,01/01/2020,06/24/2023
Luzerne County,Pennsylvania,PA,42079,Medium metro,326053,1623,06/28/2023,01/01/2020,06/24/2023
Lycoming County,Pennsylvania,PA,42081,Small metro,113605,704,06/28/2023,01/01/2020,06/24/2023
McKean County,Pennsylvania,PA,42083,Micropolitan,39941,144,06/28/2023,01/01/2020,06/24/2023
Mercer County,Pennsylvania,PA,42085,Medium metro,109972,491,06/28/2023,01/01/2020,06/24/2023
Mifflin County,Pennsylvania,PA,42087,Micropolitan,46136,381,06/28/2023,01/01/2020,06/24/2023
Monroe County,Pennsylvania,PA,42089,Small metro,169273,585,06/28/2023,01/01/2020,06/24/2023
Montgomery County,Pennsylvania,PA,42091,Large fringe metro,860578,3491,06/28/2023,01/01/2020,06/24/2023
Montour County,Pennsylvania,PA,42093,Small metro,18087,870,06/28/2023,01/01/2020,06/24/2023
Northampton County,Pennsylvania,PA,42095,Medium metro,313628,928,06/28/2023,01/01/2020,06/24/2023
Northumberland County,Pennsylvania,PA,42097,Micropolitan,91266,294,06/28/2023,01/01/2020,06/24/2023
Perry County,Pennsylvania,PA,42099,Medium metro,45986,68,06/28/2023,01/01/2020,06/24/2023
Philadelphia County,Pennsylvania,PA,42101,Large central metro,1576251,5438,06/28/2023,01/01/2020,06/24/2023
Pike County,Pennsylvania,PA,42103,Large fringe metro,59952,39,06/28/2023,01/01/2020,06/24/2023
Potter County,Pennsylvania,PA,42105,Noncore,16259,78,06/28/2023,01/01/2020,06/24/2023
Schuylkill County,Pennsylvania,PA,42107,Micropolitan,143264,574,06/28/2023,01/01/2020,06/24/2023
Snyder County,Pennsylvania,PA,42109,Micropolitan,39621,33,06/28/2023,01/01/2020,06/24/2023
Somerset County,Pennsylvania,PA,42111,Micropolitan,73627,411,06/28/2023,01/01/2020,06/24/2023
Sullivan County,Pennsylvania,PA,42113,Noncore,5868,21,06/28/2023,01/01/2020,06/24/2023
Susquehanna County,Pennsylvania,PA,42115,Noncore,38389,96,06/28/2023,01/01/2020,06/24/2023
Tioga County,Pennsylvania,PA,42117,Noncore,40929,179,06/28/2023,01/01/2020,06/24/2023
Union County,Pennsylvania,PA,42119,Micropolitan,42568,255,06/28/2023,01/01/2020,06/24/2023
Venango County,Pennsylvania,PA,42121,Micropolitan,49938,225,06/28/2023,01/01/2020,06/24/2023
Warren County,Pennsylvania,PA,42123,Micropolitan,38134,189,06/28/2023,01/01/2020,06/24/2023
Washington County,Pennsylvania,PA,42125,Large fringe metro,209470,728,06/28/2023,01/01/2020,06/24/2023
Wayne County,Pennsylvania,PA,42127,Noncore,51431,197,06/28/2023,01/01/2020,06/24/2023
Westmoreland County,Pennsylvania,PA,42129,Large fringe metro,353057,1152,06/28/2023,01/01/2020,06/24/2023
Wyoming County,Pennsylvania,PA,42131,Medium metro,26034,47,06/28/2023,01/01/2020,06/24/2023
York County,Pennsylvania,PA,42133,Medium metro,458696,1664,06/28/2023,01/01/2020,06/24/2023
Bristol County,Rhode Island,RI,44001,Large fringe metro,50818,100,06/28/2023,01/01/2020,06/24/2023
Kent County,Rhode Island,RI,44003,Large fringe metro,170715,529,06/28/2023,01/01/2020,06/24/2023
Newport County,Rhode Island,RI,44005,Large fringe metro,85264,104,06/28/2023,01/01/2020,06/24/2023
Providence County,Rhode Island,RI,44007,Large central metro,658221,3057,06/28/2023,01/01/2020,06/24/2023
Washington County,Rhode Island,RI,44009,Large fringe metro,130592,242,06/28/2023,01/01/2020,06/24/2023
Abbeville County,South Carolina,SC,45001,Micropolitan,24299,40,06/28/2023,01/01/2020,06/24/2023
Aiken County,South Carolina,SC,45003,Medium metro,170776,494,06/28/2023,01/01/2020,06/24/2023
Allendale County,South Carolina,SC,45005,Noncore,7858,,06/28/2023,01/01/2020,06/24/2023
Anderson County,South Carolina,SC,45007,Medium metro,206908,1160,06/28/2023,01/01/2020,06/24/2023
Bamberg County,South Carolina,SC,45009,Noncore,13189,27,06/28/2023,01/01/2020,06/24/2023
Barnwell County,South Carolina,SC,45011,Noncore,20580,22,06/28/2023,01/01/2020,06/24/2023
Beaufort County,South Carolina,SC,45013,Small metro,191748,413,06/28/2023,01/01/2020,06/24/2023
Berkeley County,South Carolina,SC,45015,Medium metro,236701,346,06/28/2023,01/01/2020,06/24/2023
Calhoun County,South Carolina,SC,45017,Medium metro,14165,28,06/28/2023,01/01/2020,06/24/2023
Charleston County,South Carolina,SC,45019,Medium metro,413024,1758,06/28/2023,01/01/2020,06/24/2023
Cherokee County,South Carolina,SC,45021,Micropolitan,56052,112,06/28/2023,01/01/2020,06/24/2023
Chester County,South Carolina,SC,45023,Large fringe metro,32209,60,06/28/2023,01/01/2020,06/24/2023
Chesterfield County,South Carolina,SC,45025,Noncore,43268,151,06/28/2023,01/01/2020,06/24/2023
Clarendon County,South Carolina,SC,45027,Noncore,31024,93,06/28/2023,01/01/2020,06/24/2023
Colleton County,South Carolina,SC,45029,Noncore,38462,233,06/28/2023,01/01/2020,06/24/2023
Darlington County,South Carolina,SC,45031,Small metro,62755,297,06/28/2023,01/01/2020,06/24/2023
Dillon County,South Carolina,SC,45033,Noncore,28087,95,06/28/2023,01/01/2020,06/24/2023
Dorchester County,South Carolina,SC,45035,Medium metro,163327,331,06/28/2023,01/01/2020,06/24/2023
Edgefield County,South Carolina,SC,45037,Medium metro,26153,37,06/28/2023,01/01/2020,06/24/2023
Fairfield County,South Carolina,SC,45039,Medium metro,20690,50,06/28/2023,01/01/2020,06/24/2023
Florence County,South Carolina,SC,45041,Small metro,136504,1385,06/28/2023,01/01/2020,06/24/2023
Georgetown County,South Carolina,SC,45043,Micropolitan,63921,402,06/28/2023,01/01/2020,06/24/2023
Greenville County,South Carolina,SC,45045,Medium metro,533834,2578,06/28/2023,01/01/2020,06/24/2023
Greenwood County,South Carolina,SC,45047,Micropolitan,69241,491,06/28/2023,01/01/2020,06/24/2023
Hampton County,South Carolina,SC,45049,Noncore,18180,63,06/28/2023,01/01/2020,06/24/2023
Horry County,South Carolina,SC,45051,Medium metro,365579,1378,06/28/2023,01/01/2020,06/24/2023
Jasper County,South Carolina,SC,45053,Small metro,30324,128,06/28/2023,01/01/2020,06/24/2023
Kershaw County,South Carolina,SC,45055,Medium metro,66130,211,06/28/2023,01/01/2020,06/24/2023
Lancaster County,South Carolina,SC,45057,Large fringe metro,100336,265,06/28/2023,01/01/2020,06/24/2023
Laurens County,South Carolina,SC,45059,Medium metro,67803,237,06/28/2023,01/01/2020,06/24/2023
Lee County,South Carolina,SC,45061,Noncore,16280,21,06/28/2023,01/01/2020,06/24/2023
Lexington County,South Carolina,SC,45063,Medium metro,300137,1072,06/28/2023,01/01/2020,06/24/2023
Marion County,South Carolina,SC,45067,Noncore,28784,106,06/28/2023,01/01/2020,06/24/2023
Marlboro County,South Carolina,SC,45069,Micropolitan,26382,17,06/28/2023,01/01/2020,06/24/2023
McCormick County,South Carolina,SC,45065,Noncore,9760,14,06/28/2023,01/01/2020,06/24/2023
Newberry County,South Carolina,SC,45071,Micropolitan,37996,143,06/28/2023,01/01/2020,06/24/2023
Oconee County,South Carolina,SC,45073,Micropolitan,79203,434,06/28/2023,01/01/2020,06/24/2023
Orangeburg County,South Carolina,SC,45075,Micropolitan,82962,461,06/28/2023,01/01/2020,06/24/2023
Pickens County,South Carolina,SC,45077,Medium metro,132229,463,06/28/2023,01/01/2020,06/24/2023
Richland County,South Carolina,SC,45079,Medium metro,418307,1517,06/28/2023,01/01/2020,06/24/2023
Saluda County,South Carolina,SC,45081,Medium metro,18821,38,06/28/2023,01/01/2020,06/24/2023
Spartanburg County,South Carolina,SC,45083,Medium metro,335864,2106,06/28/2023,01/01/2020,06/24/2023
Sumter County,South Carolina,SC,45085,Small metro,104758,436,06/28/2023,01/01/2020,06/24/2023
Union County,South Carolina,SC,45087,Medium metro,27016,50,06/28/2023,01/01/2020,06/24/2023
Williamsburg County,South Carolina,SC,45089,Noncore,30484,68,06/28/2023,01/01/2020,06/24/2023
York County,South Carolina,SC,45091,Large fringe metro,288595,785,06/28/2023,01/01/2020,06/24/2023
Aurora County,South Dakota,SD,46003,Noncore,2748,,06/28/2023,01/01/2020,06/24/2023
Beadle County,South Dakota,SD,46005,Micropolitan,19121,52,06/28/2023,01/01/2020,06/24/2023
Bennett County,South Dakota,SD,46007,Noncore,3406,12,06/28/2023,01/01/2020,06/24/2023
Bon Homme County,South Dakota,SD,46009,Noncore,7014,25,06/28/2023,01/01/2020,06/24/2023
Brookings County,South Dakota,SD,46011,Micropolitan,34639,53,06/28/2023,01/01/2020,06/24/2023
Brown County,South Dakota,SD,46013,Micropolitan,38101,164,06/28/2023,01/01/2020,06/24/2023
Brule County,South Dakota,SD,46015,Noncore,5242,21,06/28/2023,01/01/2020,06/24/2023
Buffalo County,South Dakota,SD,46017,Noncore,1923,,06/28/2023,01/01/2020,06/24/2023
Butte County,South Dakota,SD,46019,Noncore,10456,22,06/28/2023,01/01/2020,06/24/2023
Charles Mix County,South Dakota,SD,46023,Noncore,9163,17,06/28/2023,01/01/2020,06/24/2023
Clark County,South Dakota,SD,46025,Noncore,3855,,06/28/2023,01/01/2020,06/24/2023
Clay County,South Dakota,SD,46027,Micropolitan,15150,15,06/28/2023,01/01/2020,06/24/2023
Codington County,South Dakota,SD,46029,Micropolitan,28427,90,06/28/2023,01/01/2020,06/24/2023
Corson County,South Dakota,SD,46031,Noncore,3872,,06/28/2023,01/01/2020,06/24/2023
Custer County,South Dakota,SD,46033,Small metro,8609,17,06/28/2023,01/01/2020,06/24/2023
Davison County,South Dakota,SD,46035,Micropolitan,19878,92,06/28/2023,01/01/2020,06/24/2023
Day County,South Dakota,SD,46037,Noncore,5414,38,06/28/2023,01/01/2020,06/24/2023
Deuel County,South Dakota,SD,46039,Noncore,4272,,06/28/2023,01/01/2020,06/24/2023
Dewey County,South Dakota,SD,46041,Noncore,5246,,06/28/2023,01/01/2020,06/24/2023
Douglas County,South Dakota,SD,46043,Noncore,2821,19,06/28/2023,01/01/2020,06/24/2023
Edmunds County,South Dakota,SD,46045,Micropolitan,4033,13,06/28/2023,01/01/2020,06/24/2023
Fall River County,South Dakota,SD,46047,Noncore,7202,22,06/28/2023,01/01/2020,06/24/2023
Faulk County,South Dakota,SD,46049,Noncore,2137,12,06/28/2023,01/01/2020,06/24/2023
Grant County,South Dakota,SD,46051,Noncore,7519,43,06/28/2023,01/01/2020,06/24/2023
Gregory County,South Dakota,SD,46053,Noncore,3977,25,06/28/2023,01/01/2020,06/24/2023
Haakon County,South Dakota,SD,46055,Noncore,1835,12,06/28/2023,01/01/2020,06/24/2023
Hamlin County,South Dakota,SD,46057,Noncore,6255,40,06/28/2023,01/01/2020,06/24/2023
Hand County,South Dakota,SD,46059,Noncore,3095,11,06/28/2023,01/01/2020,06/24/2023
Hughes County,South Dakota,SD,46065,Micropolitan,17694,69,06/28/2023,01/01/2020,06/24/2023
Hutchinson County,South Dakota,SD,46067,Noncore,7411,30,06/28/2023,01/01/2020,06/24/2023
Hyde County,South Dakota,SD,46069,Noncore,1236,,06/28/2023,01/01/2020,06/24/2023
Jackson County,South Dakota,SD,46071,Noncore,2878,,06/28/2023,01/01/2020,06/24/2023
Jerauld County,South Dakota,SD,46073,Noncore,1636,18,06/28/2023,01/01/2020,06/24/2023
Kingsbury County,South Dakota,SD,46077,Noncore,5192,12,06/28/2023,01/01/2020,06/24/2023
Lake County,South Dakota,SD,46079,Noncore,10851,28,06/28/2023,01/01/2020,06/24/2023
Lawrence County,South Dakota,SD,46081,Micropolitan,26165,65,06/28/2023,01/01/2020,06/24/2023
Lincoln County,South Dakota,SD,46083,Small metro,67870,73,06/28/2023,01/01/2020,06/24/2023
Lyman County,South Dakota,SD,46085,Noncore,3764,,06/28/2023,01/01/2020,06/24/2023
Marshall County,South Dakota,SD,46091,Noncore,4304,,06/28/2023,01/01/2020,06/24/2023
McCook County,South Dakota,SD,46087,Small metro,5695,27,06/28/2023,01/01/2020,06/24/2023
McPherson County,South Dakota,SD,46089,Noncore,2420,11,06/28/2023,01/01/2020,06/24/2023
Meade County,South Dakota,SD,46093,Small metro,30173,72,06/28/2023,01/01/2020,06/24/2023
Mellette County,South Dakota,SD,46095,Noncore,1908,,06/28/2023,01/01/2020,06/24/2023
Miner County,South Dakota,SD,46097,Noncore,2314,10,06/28/2023,01/01/2020,06/24/2023
Minnehaha County,South Dakota,SD,46099,Small metro,199685,1338,06/28/2023,01/01/2020,06/24/2023
Moody County,South Dakota,SD,46101,Noncore,6315,20,06/28/2023,01/01/2020,06/24/2023
Pennington County,South Dakota,SD,46103,Small metro,111806,474,06/28/2023,01/01/2020,06/24/2023
Perkins County,South Dakota,SD,46105,Noncore,2819,,06/28/2023,01/01/2020,06/24/2023
Potter County,South Dakota,SD,46107,Noncore,2475,,06/28/2023,01/01/2020,06/24/2023
Roberts County,South Dakota,SD,46109,Noncore,10163,36,06/28/2023,01/01/2020,06/24/2023
Sanborn County,South Dakota,SD,46111,Noncore,2378,,06/28/2023,01/01/2020,06/24/2023
Shannon County,South Dakota,SD,46113,Noncore,13586,11,06/28/2023,01/01/2020,06/24/2023
Spink County,South Dakota,SD,46115,Noncore,6269,35,06/28/2023,01/01/2020,06/24/2023
Stanley County,South Dakota,SD,46117,Micropolitan,3032,,06/28/2023,01/01/2020,06/24/2023
Todd County,South Dakota,SD,46121,Noncore,9286,18,06/28/2023,01/01/2020,06/24/2023
Tripp County,South Dakota,SD,46123,Noncore,5569,14,06/28/2023,01/01/2020,06/24/2023
Turner County,South Dakota,SD,46125,Small metro,8708,52,06/28/2023,01/01/2020,06/24/2023
Union County,South Dakota,SD,46127,Small metro,16872,13,06/28/2023,01/01/2020,06/24/2023
Walworth County,South Dakota,SD,46129,Noncore,5248,22,06/28/2023,01/01/2020,06/24/2023
Yankton County,South Dakota,SD,46135,Micropolitan,23297,122,06/28/2023,01/01/2020,06/24/2023
Ziebach County,South Dakota,SD,46137,Noncore,2380,14,06/28/2023,01/01/2020,06/24/2023
Anderson County,Tennessee,TN,47001,Medium metro,77576,406,06/28/2023,01/01/2020,06/24/2023
Bedford County,Tennessee,TN,47003,Micropolitan,51119,128,06/28/2023,01/01/2020,06/24/2023
Benton County,Tennessee,TN,47005,Noncore,15872,29,06/28/2023,01/01/2020,06/24/2023
Bledsoe County,Tennessee,TN,47007,Noncore,15234,14,06/28/2023,01/01/2020,06/24/2023
Blount County,Tennessee,TN,47009,Medium metro,137605,518,06/28/2023,01/01/2020,06/24/2023
Bradley County,Tennessee,TN,47011,Small metro,110162,438,06/28/2023,01/01/2020,06/24/2023
Campbell County,Tennessee,TN,47013,Medium metro,39578,130,06/28/2023,01/01/2020,06/24/2023
Cannon County,Tennessee,TN,47015,Large fringe metro,14553,37,06/28/2023,01/01/2020,06/24/2023
Carroll County,Tennessee,TN,47017,Noncore,28432,126,06/28/2023,01/01/2020,06/24/2023
Carter County,Tennessee,TN,47019,Small metro,56134,251,06/28/2023,01/01/2020,06/24/2023
Cheatham County,Tennessee,TN,47021,Large fringe metro,41523,38,06/28/2023,01/01/2020,06/24/2023
Chester County,Tennessee,TN,47023,Small metro,17504,24,06/28/2023,01/01/2020,06/24/2023
Claiborne County,Tennessee,TN,47025,Noncore,32267,160,06/28/2023,01/01/2020,06/24/2023
Clay County,Tennessee,TN,47027,Noncore,7555,29,06/28/2023,01/01/2020,06/24/2023
Cocke County,Tennessee,TN,47029,Micropolitan,36418,223,06/28/2023,01/01/2020,06/24/2023
Coffee County,Tennessee,TN,47031,Micropolitan,59032,219,06/28/2023,01/01/2020,06/24/2023
Crockett County,Tennessee,TN,47033,Small metro,13979,52,06/28/2023,01/01/2020,06/24/2023
Cumberland County,Tennessee,TN,47035,Micropolitan,62451,300,06/28/2023,01/01/2020,06/24/2023
Davidson County,Tennessee,TN,47037,Large central metro,703953,3938,06/28/2023,01/01/2020,06/24/2023
DeKalb County,Tennessee,TN,47041,Noncore,20478,44,06/28/2023,01/01/2020,06/24/2023
Decatur County,Tennessee,TN,47039,Noncore,11391,20,06/28/2023,01/01/2020,06/24/2023
Dickson County,Tennessee,TN,47043,Large fringe metro,55292,351,06/28/2023,01/01/2020,06/24/2023
Dyer County,Tennessee,TN,47045,Micropolitan,36615,211,06/28/2023,01/01/2020,06/24/2023
Fayette County,Tennessee,TN,47047,Large fringe metro,42832,40,06/28/2023,01/01/2020,06/24/2023
Fentress County,Tennessee,TN,47049,Noncore,18850,37,06/28/2023,01/01/2020,06/24/2023
Franklin County,Tennessee,TN,47051,Micropolitan,43215,184,06/28/2023,01/01/2020,06/24/2023
Gibson County,Tennessee,TN,47053,Noncore,50541,109,06/28/2023,01/01/2020,06/24/2023
Giles County,Tennessee,TN,47055,Noncore,30542,116,06/28/2023,01/01/2020,06/24/2023
Grainger County,Tennessee,TN,47057,Medium metro,23763,33,06/28/2023,01/01/2020,06/24/2023
Greene County,Tennessee,TN,47059,Micropolitan,70621,263,06/28/2023,01/01/2020,06/24/2023
Grundy County,Tennessee,TN,47061,Noncore,13622,16,06/28/2023,01/01/2020,06/24/2023
Hamblen County,Tennessee,TN,47063,Small metro,64468,404,06/28/2023,01/01/2020,06/24/2023
Hamilton County,Tennessee,TN,47065,Medium metro,369135,2234,06/28/2023,01/01/2020,06/24/2023
Hancock County,Tennessee,TN,47067,Noncore,6787,13,06/28/2023,01/01/2020,06/24/2023
Hardeman County,Tennessee,TN,47069,Noncore,25426,45,06/28/2023,01/01/2020,06/24/2023
Hardin County,Tennessee,TN,47071,Noncore,26892,88,06/28/2023,01/01/2020,06/24/2023
Hawkins County,Tennessee,TN,47073,Medium metro,57288,67,06/28/2023,01/01/2020,06/24/2023
Haywood County,Tennessee,TN,47075,Noncore,17694,25,06/28/2023,01/01/2020,06/24/2023
Henderson County,Tennessee,TN,47077,Noncore,27953,80,06/28/2023,01/01/2020,06/24/2023
Henry County,Tennessee,TN,47079,Micropolitan,32239,125,06/28/2023,01/01/2020,06/24/2023
Hickman County,Tennessee,TN,47081,Large fringe metro,25307,25,06/28/2023,01/01/2020,06/24/2023
Houston County,Tennessee,TN,47083,Noncore,8317,33,06/28/2023,01/01/2020,06/24/2023
Humphreys County,Tennessee,TN,47085,Noncore,19211,34,06/28/2023,01/01/2020,06/24/2023
Jackson County,Tennessee,TN,47087,Micropolitan,11750,16,06/28/2023,01/01/2020,06/24/2023
Jefferson County,Tennessee,TN,47089,Small metro,55624,267,06/28/2023,01/01/2020,06/24/2023
Johnson County,Tennessee,TN,47091,Noncore,18170,38,06/28/2023,01/01/2020,06/24/2023
Knox County,Tennessee,TN,47093,Medium metro,486677,2661,06/28/2023,01/01/2020,06/24/2023
Lake County,Tennessee,TN,47095,Noncore,7128,14,06/28/2023,01/01/2020,06/24/2023
Lauderdale County,Tennessee,TN,47097,Noncore,25108,32,06/28/2023,01/01/2020,06/24/2023
Lawrence County,Tennessee,TN,47099,Micropolitan,44828,133,06/28/2023,01/01/2020,06/24/2023
Lewis County,Tennessee,TN,47101,Noncore,12857,19,06/28/2023,01/01/2020,06/24/2023
Lincoln County,Tennessee,TN,47103,Noncore,35433,102,06/28/2023,01/01/2020,06/24/2023
Loudon County,Tennessee,TN,47105,Medium metro,56690,132,06/28/2023,01/01/2020,06/24/2023
Macon County,Tennessee,TN,47111,Large fringe metro,25699,44,06/28/2023,01/01/2020,06/24/2023
Madison County,Tennessee,TN,47113,Small metro,98775,1411,06/28/2023,01/01/2020,06/24/2023
Marion County,Tennessee,TN,47115,Medium metro,28877,43,06/28/2023,01/01/2020,06/24/2023
Marshall County,Tennessee,TN,47117,Micropolitan,34984,41,06/28/2023,01/01/2020,06/24/2023
Maury County,Tennessee,TN,47119,Large fringe metro,104760,645,06/28/2023,01/01/2020,06/24/2023
McMinn County,Tennessee,TN,47107,Micropolitan,54059,171,06/28/2023,01/01/2020,06/24/2023
McNairy County,Tennessee,TN,47109,Noncore,25860,41,06/28/2023,01/01/2020,06/24/2023
Meigs County,Tennessee,TN,47121,Noncore,13049,12,06/28/2023,01/01/2020,06/24/2023
Monroe County,Tennessee,TN,47123,Noncore,46698,217,06/28/2023,01/01/2020,06/24/2023
Montgomery County,Tennessee,TN,47125,Medium metro,227900,537,06/28/2023,01/01/2020,06/24/2023
Moore County,Tennessee,TN,47127,Micropolitan,6644,11,06/28/2023,01/01/2020,06/24/2023
Morgan County,Tennessee,TN,47129,Medium metro,21254,24,06/28/2023,01/01/2020,06/24/2023
Obion County,Tennessee,TN,47131,Micropolitan,30466,160,06/28/2023,01/01/2020,06/24/2023
Overton County,Tennessee,TN,47133,Micropolitan,22839,96,06/28/2023,01/01/2020,06/24/2023
Perry County,Tennessee,TN,47135,Noncore,8472,27,06/28/2023,01/01/2020,06/24/2023
Pickett County,Tennessee,TN,47137,Noncore,5079,13,06/28/2023,01/01/2020,06/24/2023
Polk County,Tennessee,TN,47139,Small metro,17776,14,06/28/2023,01/01/2020,06/24/2023
Putnam County,Tennessee,TN,47141,Micropolitan,81188,535,06/28/2023,01/01/2020,06/24/2023
Rhea County,Tennessee,TN,47143,Micropolitan,33136,100,06/28/2023,01/01/2020,06/24/2023
Roane County,Tennessee,TN,47145,Medium metro,53992,215,06/28/2023,01/01/2020,06/24/2023
Robertson County,Tennessee,TN,47147,Large fringe metro,74098,225,06/28/2023,01/01/2020,06/24/2023
Rutherford County,Tennessee,TN,47149,Large fringe metro,352182,1313,06/28/2023,01/01/2020,06/24/2023
Scott County,Tennessee,TN,47151,Noncore,21917,54,06/28/2023,01/01/2020,06/24/2023
Sequatchie County,Tennessee,TN,47153,Medium metro,16396,22,06/28/2023,01/01/2020,06/24/2023
Sevier County,Tennessee,TN,47155,Micropolitan,99517,372,06/28/2023,01/01/2020,06/24/2023
Shelby County,Tennessee,TN,47157,Large central metro,924454,4062,06/28/2023,01/01/2020,06/24/2023
Smith County,Tennessee,TN,47159,Large fringe metro,20172,35,06/28/2023,01/01/2020,06/24/2023
Stewart County,Tennessee,TN,47161,Noncore,13855,30,06/28/2023,01/01/2020,06/24/2023
Sullivan County,Tennessee,TN,47163,Medium metro,159265,1457,06/28/2023,01/01/2020,06/24/2023
Sumner County,Tennessee,TN,47165,Large fringe metro,200557,782,06/28/2023,01/01/2020,06/24/2023
Tipton County,Tennessee,TN,47167,Large fringe metro,61004,95,06/28/2023,01/01/2020,06/24/2023
Trousdale County,Tennessee,TN,47169,Large fringe metro,12035,,06/28/2023,01/01/2020,06/24/2023
Unicoi County,Tennessee,TN,47171,Small metro,17698,32,06/28/2023,01/01/2020,06/24/2023
Union County,Tennessee,TN,47173,Medium metro,20040,20,06/28/2023,01/01/2020,06/24/2023
Van Buren County,Tennessee,TN,47175,Noncore,6324,14,06/28/2023,01/01/2020,06/24/2023
Warren County,Tennessee,TN,47177,Micropolitan,41523,136,06/28/2023,01/01/2020,06/24/2023
Washington County,Tennessee,TN,47179,Small metro,134236,988,06/28/2023,01/01/2020,06/24/2023
Wayne County,Tennessee,TN,47181,Noncore,16409,35,06/28/2023,01/01/2020,06/24/2023
Weakley County,Tennessee,TN,47183,Micropolitan,33036,108,06/28/2023,01/01/2020,06/24/2023
White County,Tennessee,TN,47185,Noncore,27650,53,06/28/2023,01/01/2020,06/24/2023
Williamson County,Tennessee,TN,47187,Large fringe metro,255735,440,06/28/2023,01/01/2020,06/24/2023
Wilson County,Tennessee,TN,47189,Large fringe metro,151917,373,06/28/2023,01/01/2020,06/24/2023
Anderson County,Texas,TX,48001,Micropolitan,58402,226,06/28/2023,01/01/2020,06/24/2023
Andrews County,Texas,TX,48003,Micropolitan,18440,43,06/28/2023,01/01/2020,06/24/2023
Angelina County,Texas,TX,48005,Micropolitan,86506,623,06/28/2023,01/01/2020,06/24/2023
Aransas County,Texas,TX,48007,Medium metro,24510,27,06/28/2023,01/01/2020,06/24/2023
Archer County,Texas,TX,48009,Small metro,8681,,06/28/2023,01/01/2020,06/24/2023
Armstrong County,Texas,TX,48011,Medium metro,1839,,06/28/2023,01/01/2020,06/24/2023
Atascosa County,Texas,TX,48013,Large fringe metro,49939,177,06/28/2023,01/01/2020,06/24/2023
Austin County,Texas,TX,48015,Large fringe metro,30380,24,06/28/2023,01/01/2020,06/24/2023
Bailey County,Texas,TX,48017,Noncore,6835,19,06/28/2023,01/01/2020,06/24/2023
Bandera County,Texas,TX,48019,Large fringe metro,21565,17,06/28/2023,01/01/2020,06/24/2023
Bastrop County,Texas,TX,48021,Large fringe metro,102058,52,06/28/2023,01/01/2020,06/24/2023
Baylor County,Texas,TX,48023,Noncore,3477,16,06/28/2023,01/01/2020,06/24/2023
Bee County,Texas,TX,48025,Micropolitan,30924,99,06/28/2023,01/01/2020,06/24/2023
Bell County,Texas,TX,48027,Medium metro,379617,1441,06/28/2023,01/01/2020,06/24/2023
Bexar County,Texas,TX,48029,Large central metro,2028236,9281,06/28/2023,01/01/2020,06/24/2023
Blanco County,Texas,TX,48031,Noncore,11886,16,06/28/2023,01/01/2020,06/24/2023
Borden County,Texas,TX,48033,Noncore,617,,06/28/2023,01/01/2020,06/24/2023
Bosque County,Texas,TX,48035,Noncore,18503,32,06/28/2023,01/01/2020,06/24/2023
Bowie County,Texas,TX,48037,Small metro,92581,975,06/28/2023,01/01/2020,06/24/2023
Brazoria County,Texas,TX,48039,Large fringe metro,379689,798,06/28/2023,01/01/2020,06/24/2023
Brazos County,Texas,TX,48041,Small metro,237032,878,06/28/2023,01/01/2020,06/24/2023
Brewster County,Texas,TX,48043,Noncore,9450,23,06/28/2023,01/01/2020,06/24/2023
Briscoe County,Texas,TX,48045,Noncore,1403,,06/28/2023,01/01/2020,06/24/2023
Brooks County,Texas,TX,48047,Noncore,6994,14,06/28/2023,01/01/2020,06/24/2023
Brown County,Texas,TX,48049,Micropolitan,38192,241,06/28/2023,01/01/2020,06/24/2023
Burleson County,Texas,TX,48051,Small metro,18051,20,06/28/2023,01/01/2020,06/24/2023
Burnet County,Texas,TX,48053,Noncore,50954,195,06/28/2023,01/01/2020,06/24/2023
Caldwell County,Texas,TX,48055,Large fringe metro,46791,57,06/28/2023,01/01/2020,06/24/2023
Calhoun County,Texas,TX,48057,Micropolitan,19727,32,06/28/2023,01/01/2020,06/24/2023
Callahan County,Texas,TX,48059,Small metro,14115,22,06/28/2023,01/01/2020,06/24/2023
Cameron County,Texas,TX,48061,Medium metro,423029,2559,06/28/2023,01/01/2020,06/24/2023
Camp County,Texas,TX,48063,Noncore,12616,47,06/28/2023,01/01/2020,06/24/2023
Carson County,Texas,TX,48065,Medium metro,5746,,06/28/2023,01/01/2020,06/24/2023
Cass County,Texas,TX,48067,Noncore,28560,96,06/28/2023,01/01/2020,06/24/2023
Castro County,Texas,TX,48069,Noncore,7374,19,06/28/2023,01/01/2020,06/24/2023
Chambers County,Texas,TX,48071,Large fringe metro,48865,69,06/28/2023,01/01/2020,06/24/2023
Cherokee County,Texas,TX,48073,Micropolitan,51097,196,06/28/2023,01/01/2020,06/24/2023
Childress County,Texas,TX,48075,Noncore,6736,29,06/28/2023,01/01/2020,06/24/2023
Clay County,Texas,TX,48077,Small metro,10263,20,06/28/2023,01/01/2020,06/24/2023
Cochran County,Texas,TX,48079,Noncore,2516,,06/28/2023,01/01/2020,06/24/2023
Coke County,Texas,TX,48081,Noncore,3321,10,06/28/2023,01/01/2020,06/24/2023
Coleman County,Texas,TX,48083,Noncore,7735,49,06/28/2023,01/01/2020,06/24/2023
Collin County,Texas,TX,48085,Large central metro,1109462,2873,06/28/2023,01/01/2020,06/24/2023
Collingsworth County,Texas,TX,48087,Noncore,2615,15,06/28/2023,01/01/2020,06/24/2023
Colorado County,Texas,TX,48089,Noncore,20630,47,06/28/2023,01/01/2020,06/24/2023
Comal County,Texas,TX,48091,Large fringe metro,174986,603,06/28/2023,01/01/2020,06/24/2023
Comanche County,Texas,TX,48093,Noncore,13775,63,06/28/2023,01/01/2020,06/24/2023
Concho County,Texas,TX,48095,Noncore,3341,,06/28/2023,01/01/2020,06/24/2023
Cooke County,Texas,TX,48097,Micropolitan,42244,116,06/28/2023,01/01/2020,06/24/2023
Coryell County,Texas,TX,48099,Medium metro,84232,117,06/28/2023,01/01/2020,06/24/2023
Cottle County,Texas,TX,48101,Noncore,1381,,06/28/2023,01/01/2020,06/24/2023
Crane County,Texas,TX,48103,Noncore,4680,24,06/28/2023,01/01/2020,06/24/2023
Crockett County,Texas,TX,48105,Noncore,3068,,06/28/2023,01/01/2020,06/24/2023
Crosby County,Texas,TX,48107,Medium metro,5106,12,06/28/2023,01/01/2020,06/24/2023
Culberson County,Texas,TX,48109,Noncore,2193,,06/28/2023,01/01/2020,06/24/2023
Dallam County,Texas,TX,48111,Noncore,7172,,06/28/2023,01/01/2020,06/24/2023
Dallas County,Texas,TX,48113,Large central metro,2586050,7601,06/28/2023,01/01/2020,06/24/2023
Dawson County,Texas,TX,48115,Micropolitan,12413,57,06/28/2023,01/01/2020,06/24/2023
DeWitt County,Texas,TX,48123,Noncore,19918,95,06/28/2023,01/01/2020,06/24/2023
Deaf Smith County,Texas,TX,48117,Micropolitan,18329,48,06/28/2023,01/01/2020,06/24/2023
Delta County,Texas,TX,48119,Noncore,5392,,06/28/2023,01/01/2020,06/24/2023
Denton County,Texas,TX,48121,Large fringe metro,941647,1731,06/28/2023,01/01/2020,06/24/2023
Dimmit County,Texas,TX,48127,Noncore,8473,18,06/28/2023,01/01/2020,06/24/2023
Donley County,Texas,TX,48129,Noncore,3268,,06/28/2023,01/01/2020,06/24/2023
Duval County,Texas,TX,48131,Noncore,9756,15,06/28/2023,01/01/2020,06/24/2023
Eastland County,Texas,TX,48133,Noncore,17864,54,06/28/2023,01/01/2020,06/24/2023
Ector County,Texas,TX,48135,Small metro,161091,985,06/28/2023,01/01/2020,06/24/2023
Edwards County,Texas,TX,48137,Noncore,1438,,06/28/2023,01/01/2020,06/24/2023
El Paso County,Texas,TX,48141,Medium metro,867947,4565,06/28/2023,01/01/2020,06/24/2023
Ellis County,Texas,TX,48139,Large fringe metro,202678,510,06/28/2023,01/01/2020,06/24/2023
Erath County,Texas,TX,48143,Micropolitan,43378,78,06/28/2023,01/01/2020,06/24/2023
Falls County,Texas,TX,48145,Medium metro,17313,27,06/28/2023,01/01/2020,06/24/2023
Fannin County,Texas,TX,48147,Noncore,36569,82,06/28/2023,01/01/2020,06/24/2023
Fayette County,Texas,TX,48149,Noncore,24687,53,06/28/2023,01/01/2020,06/24/2023
Fisher County,Texas,TX,48151,Noncore,3706,,06/28/2023,01/01/2020,06/24/2023
Floyd County,Texas,TX,48153,Noncore,5350,29,06/28/2023,01/01/2020,06/24/2023
Foard County,Texas,TX,48155,Noncore,1080,,06/28/2023,01/01/2020,06/24/2023
Fort Bend County,Texas,TX,48157,Large fringe metro,858527,1271,06/28/2023,01/01/2020,06/24/2023
Franklin County,Texas,TX,48159,Noncore,10464,15,06/28/2023,01/01/2020,06/24/2023
Freestone County,Texas,TX,48161,Noncore,19774,44,06/28/2023,01/01/2020,06/24/2023
Frio County,Texas,TX,48163,Noncore,18436,37,06/28/2023,01/01/2020,06/24/2023
Gaines County,Texas,TX,48165,Noncore,21895,28,06/28/2023,01/01/2020,06/24/2023
Galveston County,Texas,TX,48167,Large fringe metro,355062,1059,06/28/2023,01/01/2020,06/24/2023
Garza County,Texas,TX,48169,Noncore,5863,,06/28/2023,01/01/2020,06/24/2023
Gillespie County,Texas,TX,48171,Micropolitan,27297,122,06/28/2023,01/01/2020,06/24/2023
Glasscock County,Texas,TX,48173,Micropolitan,1149,,06/28/2023,01/01/2020,06/24/2023
Goliad County,Texas,TX,48175,Small metro,7163,,06/28/2023,01/01/2020,06/24/2023
Gonzales County,Texas,TX,48177,Noncore,19641,56,06/28/2023,01/01/2020,06/24/2023
Gray County,Texas,TX,48179,Micropolitan,21030,127,06/28/2023,01/01/2020,06/24/2023
Grayson County,Texas,TX,48181,Small metro,139336,1028,06/28/2023,01/01/2020,06/24/2023
Gregg County,Texas,TX,48183,Small metro,124201,1249,06/28/2023,01/01/2020,06/24/2023
Grimes County,Texas,TX,48185,Noncore,30287,27,06/28/2023,01/01/2020,06/24/2023
Guadalupe County,Texas,TX,48187,Large fringe metro,177036,347,06/28/2023,01/01/2020,06/24/2023
Hale County,Texas,TX,48189,Micropolitan,32220,165,06/28/2023,01/01/2020,06/24/2023
Hall County,Texas,TX,48191,Noncore,2845,15,06/28/2023,01/01/2020,06/24/2023
Hamilton County,Texas,TX,48193,Noncore,8229,28,06/28/2023,01/01/2020,06/24/2023
Hansford County,Texas,TX,48195,Noncore,5159,19,06/28/2023,01/01/2020,06/24/2023
Hardeman County,Texas,TX,48197,Noncore,3552,,06/28/2023,01/01/2020,06/24/2023
Hardin County,Texas,TX,48199,Medium metro,56973,63,06/28/2023,01/01/2020,06/24/2023
Harris County,Texas,TX,48201,Large central metro,4728030,13802,06/28/2023,01/01/2020,06/24/2023
Harrison County,Texas,TX,48203,Micropolitan,69150,96,06/28/2023,01/01/2020,06/24/2023
Hartley County,Texas,TX,48205,Noncore,5397,23,06/28/2023,01/01/2020,06/24/2023
Haskell County,Texas,TX,48207,Noncore,5411,18,06/28/2023,01/01/2020,06/24/2023
Hays County,Texas,TX,48209,Large fringe metro,255397,520,06/28/2023,01/01/2020,06/24/2023
Hemphill County,Texas,TX,48211,Noncore,3271,,06/28/2023,01/01/2020,06/24/2023
Henderson County,Texas,TX,48213,Micropolitan,83667,273,06/28/2023,01/01/2020,06/24/2023
Hidalgo County,Texas,TX,48215,Medium metro,880356,4089,06/28/2023,01/01/2020,06/24/2023
Hill County,Texas,TX,48217,Noncore,36471,88,06/28/2023,01/01/2020,06/24/2023
Hockley County,Texas,TX,48219,Micropolitan,21363,84,06/28/2023,01/01/2020,06/24/2023
Hood County,Texas,TX,48221,Large fringe metro,64222,260,06/28/2023,01/01/2020,06/24/2023
Hopkins County,Texas,TX,48223,Micropolitan,37211,230,06/28/2023,01/01/2020,06/24/2023
Houston County,Texas,TX,48225,Noncore,22241,56,06/28/2023,01/01/2020,06/24/2023
Howard County,Texas,TX,48227,Micropolitan,34128,128,06/28/2023,01/01/2020,06/24/2023
Hudspeth County,Texas,TX,48229,Medium metro,3287,,06/28/2023,01/01/2020,06/24/2023
Hunt County,Texas,TX,48231,Large fringe metro,103394,386,06/28/2023,01/01/2020,06/24/2023
Hutchinson County,Texas,TX,48233,Micropolitan,20495,69,06/28/2023,01/01/2020,06/24/2023
Jack County,Texas,TX,48237,Noncore,8712,18,06/28/2023,01/01/2020,06/24/2023
Jackson County,Texas,TX,48239,Noncore,15121,16,06/28/2023,01/01/2020,06/24/2023
Jasper County,Texas,TX,48241,Noncore,32975,83,06/28/2023,01/01/2020,06/24/2023
Jeff Davis County,Texas,TX,48243,Noncore,1949,,06/28/2023,01/01/2020,06/24/2023
Jefferson County,Texas,TX,48245,Medium metro,253704,1585,06/28/2023,01/01/2020,06/24/2023
Jim Hogg County,Texas,TX,48247,Noncore,4801,10,06/28/2023,01/01/2020,06/24/2023
Jim Wells County,Texas,TX,48249,Micropolitan,38847,149,06/28/2023,01/01/2020,06/24/2023
Johnson County,Texas,TX,48251,Large fringe metro,187280,308,06/28/2023,01/01/2020,06/24/2023
Jones County,Texas,TX,48253,Small metro,19873,26,06/28/2023,01/01/2020,06/24/2023
Karnes County,Texas,TX,48255,Noncore,14754,45,06/28/2023,01/01/2020,06/24/2023
Kaufman County,Texas,TX,48257,Large fringe metro,157768,186,06/28/2023,01/01/2020,06/24/2023
Kendall County,Texas,TX,48259,Large fringe metro,46788,53,06/28/2023,01/01/2020,06/24/2023
Kent County,Texas,TX,48263,Noncore,749,,06/28/2023,01/01/2020,06/24/2023
Kerr County,Texas,TX,48265,Micropolitan,53161,212,06/28/2023,01/01/2020,06/24/2023
Kimble County,Texas,TX,48267,Noncore,4365,,06/28/2023,01/01/2020,06/24/2023
Kinney County,Texas,TX,48271,Noncore,3130,,06/28/2023,01/01/2020,06/24/2023
Kleberg County,Texas,TX,48273,Micropolitan,30635,123,06/28/2023,01/01/2020,06/24/2023
Knox County,Texas,TX,48275,Noncore,3351,20,06/28/2023,01/01/2020,06/24/2023
La Salle County,Texas,TX,48283,Noncore,6670,13,06/28/2023,01/01/2020,06/24/2023
Lamar County,Texas,TX,48277,Micropolitan,50098,369,06/28/2023,01/01/2020,06/24/2023
Lamb County,Texas,TX,48279,Noncore,12898,55,06/28/2023,01/01/2020,06/24/2023
Lampasas County,Texas,TX,48281,Medium metro,22252,47,06/28/2023,01/01/2020,06/24/2023
Lavaca County,Texas,TX,48285,Noncore,20544,79,06/28/2023,01/01/2020,06/24/2023
Lee County,Texas,TX,48287,Noncore,17706,20,06/28/2023,01/01/2020,06/24/2023
Leon County,Texas,TX,48289,Noncore,15959,16,06/28/2023,01/01/2020,06/24/2023
Liberty County,Texas,TX,48291,Large fringe metro,97621,109,06/28/2023,01/01/2020,06/24/2023
Limestone County,Texas,TX,48293,Noncore,22119,72,06/28/2023,01/01/2020,06/24/2023
Lipscomb County,Texas,TX,48295,Noncore,2931,10,06/28/2023,01/01/2020,06/24/2023
Live Oak County,Texas,TX,48297,Noncore,11377,,06/28/2023,01/01/2020,06/24/2023
Llano County,Texas,TX,48299,Noncore,21978,60,06/28/2023,01/01/2020,06/24/2023
Lubbock County,Texas,TX,48303,Medium metro,314451,2515,06/28/2023,01/01/2020,06/24/2023
Lynn County,Texas,TX,48305,Medium metro,5688,12,06/28/2023,01/01/2020,06/24/2023
Madison County,Texas,TX,48313,Noncore,13718,21,06/28/2023,01/01/2020,06/24/2023
Marion County,Texas,TX,48315,Noncore,9645,12,06/28/2023,01/01/2020,06/24/2023
Martin County,Texas,TX,48317,Small metro,5211,,06/28/2023,01/01/2020,06/24/2023
Mason County,Texas,TX,48319,Noncore,3943,,06/28/2023,01/01/2020,06/24/2023
Matagorda County,Texas,TX,48321,Micropolitan,36344,132,06/28/2023,01/01/2020,06/24/2023
Maverick County,Texas,TX,48323,Micropolitan,58056,260,06/28/2023,01/01/2020,06/24/2023
McCulloch County,Texas,TX,48307,Noncore,7533,17,06/28/2023,01/01/2020,06/24/2023
McLennan County,Texas,TX,48309,Medium metro,263115,1383,06/28/2023,01/01/2020,06/24/2023
McMullen County,Texas,TX,48311,Noncore,608,,06/28/2023,01/01/2020,06/24/2023
Medina County,Texas,TX,48325,Large fringe metro,51981,50,06/28/2023,01/01/2020,06/24/2023
Menard County,Texas,TX,48327,Noncore,1982,,06/28/2023,01/01/2020,06/24/2023
Midland County,Texas,TX,48329,Small metro,167969,665,06/28/2023,01/01/2020,06/24/2023
Milam County,Texas,TX,48331,Noncore,25106,33,06/28/2023,01/01/2020,06/24/2023
Mills County,Texas,TX,48333,Noncore,4480,20,06/28/2023,01/01/2020,06/24/2023
Mitchell County,Texas,TX,48335,Noncore,9070,15,06/28/2023,01/01/2020,06/24/2023
Montague County,Texas,TX,48337,Noncore,20409,61,06/28/2023,01/01/2020,06/24/2023
Montgomery County,Texas,TX,48339,Large fringe metro,648886,2340,06/28/2023,01/01/2020,06/24/2023
Moore County,Texas,TX,48341,Micropolitan,21118,80,06/28/2023,01/01/2020,06/24/2023
Morris County,Texas,TX,48343,Noncore,12030,19,06/28/2023,01/01/2020,06/24/2023
Motley County,Texas,TX,48345,Noncore,1067,,06/28/2023,01/01/2020,06/24/2023
Nacogdoches County,Texas,TX,48347,Micropolitan,64668,436,06/28/2023,01/01/2020,06/24/2023
Navarro County,Texas,TX,48349,Micropolitan,53591,209,06/28/2023,01/01/2020,06/24/2023
Newton County,Texas,TX,48351,Medium metro,12241,27,06/28/2023,01/01/2020,06/24/2023
Nolan County,Texas,TX,48353,Micropolitan,14597,107,06/28/2023,01/01/2020,06/24/2023
Nueces County,Texas,TX,48355,Medium metro,353079,2084,06/28/2023,01/01/2020,06/24/2023
Ochiltree County,Texas,TX,48357,Noncore,9782,34,06/28/2023,01/01/2020,06/24/2023
Oldham County,Texas,TX,48359,Medium metro,1717,,06/28/2023,01/01/2020,06/24/2023
Orange County,Texas,TX,48361,Medium metro,84742,59,06/28/2023,01/01/2020,06/24/2023
Palo Pinto County,Texas,TX,48363,Micropolitan,28686,132,06/28/2023,01/01/2020,06/24/2023
Panola County,Texas,TX,48365,Noncore,22675,62,06/28/2023,01/01/2020,06/24/2023
Parker County,Texas,TX,48367,Large fringe metro,156764,338,06/28/2023,01/01/2020,06/24/2023
Parmer County,Texas,TX,48369,Noncore,9813,35,06/28/2023,01/01/2020,06/24/2023
Pecos County,Texas,TX,48371,Noncore,15118,15,06/28/2023,01/01/2020,06/24/2023
Polk County,Texas,TX,48373,Noncore,51899,146,06/28/2023,01/01/2020,06/24/2023
Potter County,Texas,TX,48375,Medium metro,116547,1705,06/28/2023,01/01/2020,06/24/2023
Presidio County,Texas,TX,48377,Noncore,6140,,06/28/2023,01/01/2020,06/24/2023
Rains County,Texas,TX,48379,Noncore,12509,14,06/28/2023,01/01/2020,06/24/2023
Randall County,Texas,TX,48381,Medium metro,143854,142,06/28/2023,01/01/2020,06/24/2023
Reagan County,Texas,TX,48383,Noncore,3253,,06/28/2023,01/01/2020,06/24/2023
Real County,Texas,TX,48385,Noncore,2826,,06/28/2023,01/01/2020,06/24/2023
Red River County,Texas,TX,48387,Noncore,11555,15,06/28/2023,01/01/2020,06/24/2023
Reeves County,Texas,TX,48389,Micropolitan,14487,41,06/28/2023,01/01/2020,06/24/2023
Refugio County,Texas,TX,48391,Noncore,6756,14,06/28/2023,01/01/2020,06/24/2023
Robertson County,Texas,TX,48395,Small metro,16958,21,06/28/2023,01/01/2020,06/24/2023
Rockwall County,Texas,TX,48397,Large fringe metro,116381,508,06/28/2023,01/01/2020,06/24/2023
Runnels County,Texas,TX,48399,Noncore,9943,47,06/28/2023,01/01/2020,06/24/2023
Rusk County,Texas,TX,48401,Small metro,52743,107,06/28/2023,01/01/2020,06/24/2023
Sabine County,Texas,TX,48403,Noncore,10039,27,06/28/2023,01/01/2020,06/24/2023
San Augustine County,Texas,TX,48405,Noncore,7922,31,06/28/2023,01/01/2020,06/24/2023
San Jacinto County,Texas,TX,48407,Noncore,27878,21,06/28/2023,01/01/2020,06/24/2023
San Patricio County,Texas,TX,48409,Medium metro,69699,68,06/28/2023,01/01/2020,06/24/2023
San Saba County,Texas,TX,48411,Noncore,5827,,06/28/2023,01/01/2020,06/24/2023
Schleicher County,Texas,TX,48413,Noncore,2429,,06/28/2023,01/01/2020,06/24/2023
Scurry County,Texas,TX,48415,Micropolitan,16824,64,06/28/2023,01/01/2020,06/24/2023
Shackelford County,Texas,TX,48417,Noncore,3212,,06/28/2023,01/01/2020,06/24/2023
Shelby County,Texas,TX,48419,Noncore,23939,33,06/28/2023,01/01/2020,06/24/2023
Sherman County,Texas,TX,48421,Noncore,2798,,06/28/2023,01/01/2020,06/24/2023
Smith County,Texas,TX,48423,Small metro,237186,2501,06/28/2023,01/01/2020,06/24/2023
Somervell County,Texas,TX,48425,Large fringe metro,9469,41,06/28/2023,01/01/2020,06/24/2023
Starr County,Texas,TX,48427,Micropolitan,66049,123,06/28/2023,01/01/2020,06/24/2023
Stephens County,Texas,TX,48429,Noncore,9173,21,06/28/2023,01/01/2020,06/24/2023
Sterling County,Texas,TX,48431,Noncore,1381,,06/28/2023,01/01/2020,06/24/2023
Stonewall County,Texas,TX,48433,Noncore,1217,,06/28/2023,01/01/2020,06/24/2023
Sutton County,Texas,TX,48435,Noncore,3319,,06/28/2023,01/01/2020,06/24/2023
Swisher County,Texas,TX,48437,Noncore,7008,11,06/28/2023,01/01/2020,06/24/2023
Tarrant County,Texas,TX,48439,Large central metro,2126477,8029,06/28/2023,01/01/2020,06/24/2023
Taylor County,Texas,TX,48441,Small metro,143326,1362,06/28/2023,01/01/2020,06/24/2023
Terry County,Texas,TX,48445,Noncore,11754,36,06/28/2023,01/01/2020,06/24/2023
Throckmorton County,Texas,TX,48447,Noncore,1495,,06/28/2023,01/01/2020,06/24/2023
Titus County,Texas,TX,48449,Micropolitan,31183,163,06/28/2023,01/01/2020,06/24/2023
Tom Green County,Texas,TX,48451,Small metro,119411,706,06/28/2023,01/01/2020,06/24/2023
Travis County,Texas,TX,48453,Large central metro,1305154,2560,06/28/2023,01/01/2020,06/24/2023
Trinity County,Texas,TX,48455,Micropolitan,13827,22,06/28/2023,01/01/2020,06/24/2023
Tyler County,Texas,TX,48457,Noncore,20077,45,06/28/2023,01/01/2020,06/24/2023
Upshur County,Texas,TX,48459,Small metro,41774,32,06/28/2023,01/01/2020,06/24/2023
Upton County,Texas,TX,48461,Noncore,3265,10,06/28/2023,01/01/2020,06/24/2023
Uvalde County,Texas,TX,48463,Micropolitan,24729,105,06/28/2023,01/01/2020,06/24/2023
Val Verde County,Texas,TX,48465,Micropolitan,47564,155,06/28/2023,01/01/2020,06/24/2023
Van Zandt County,Texas,TX,48467,Noncore,61275,85,06/28/2023,01/01/2020,06/24/2023
Victoria County,Texas,TX,48469,Small metro,90964,761,06/28/2023,01/01/2020,06/24/2023
Walker County,Texas,TX,48471,Micropolitan,77977,173,06/28/2023,01/01/2020,06/24/2023
Waller County,Texas,TX,48473,Large fringe metro,59781,27,06/28/2023,01/01/2020,06/24/2023
Ward County,Texas,TX,48475,Noncore,11194,19,06/28/2023,01/01/2020,06/24/2023
Washington County,Texas,TX,48477,Micropolitan,35891,94,06/28/2023,01/01/2020,06/24/2023
Webb County,Texas,TX,48479,Medium metro,267945,1260,06/28/2023,01/01/2020,06/24/2023
Wharton County,Texas,TX,48481,Micropolitan,41721,104,06/28/2023,01/01/2020,06/24/2023
Wheeler County,Texas,TX,48483,Noncore,4927,18,06/28/2023,01/01/2020,06/24/2023
Wichita County,Texas,TX,48485,Small metro,130069,1031,06/28/2023,01/01/2020,06/24/2023
Wilbarger County,Texas,TX,48487,Micropolitan,12731,88,06/28/2023,01/01/2020,06/24/2023
Willacy County,Texas,TX,48489,Micropolitan,20316,13,06/28/2023,01/01/2020,06/24/2023
Williamson County,Texas,TX,48491,Large fringe metro,643026,1356,06/28/2023,01/01/2020,06/24/2023
Wilson County,Texas,TX,48493,Large fringe metro,51257,84,06/28/2023,01/01/2020,06/24/2023
Winkler County,Texas,TX,48495,Noncore,7415,12,06/28/2023,01/01/2020,06/24/2023
Wise County,Texas,TX,48497,Large fringe metro,71714,329,06/28/2023,01/01/2020,06/24/2023
Wood County,Texas,TX,48499,Noncore,45875,92,06/28/2023,01/01/2020,06/24/2023
Yoakum County,Texas,TX,48501,Noncore,7607,35,06/28/2023,01/01/2020,06/24/2023
Young County,Texas,TX,48503,Noncore,17977,65,06/28/2023,01/01/2020,06/24/2023
Zapata County,Texas,TX,48505,Micropolitan,13908,11,06/28/2023,01/01/2020,06/24/2023
Zavala County,Texas,TX,48507,Noncore,9534,,06/28/2023,01/01/2020,06/24/2023
Beaver County,Utah,UT,49001,Noncore,7249,11,06/28/2023,01/01/2020,06/24/2023
Box Elder County,Utah,UT,49003,Medium metro,59688,56,06/28/2023,01/01/2020,06/24/2023
Cache County,Utah,UT,49005,Small metro,137417,115,06/28/2023,01/01/2020,06/24/2023
Carbon County,Utah,UT,49007,Micropolitan,20372,63,06/28/2023,01/01/2020,06/24/2023
Davis County,Utah,UT,49011,Medium metro,367285,405,06/28/2023,01/01/2020,06/24/2023
Duchesne County,Utah,UT,49013,Noncore,19790,23,06/28/2023,01/01/2020,06/24/2023
Emery County,Utah,UT,49015,Noncore,9967,12,06/28/2023,01/01/2020,06/24/2023
Garfield County,Utah,UT,49017,Noncore,5129,,06/28/2023,01/01/2020,06/24/2023
Grand County,Utah,UT,49019,Noncore,9663,,06/28/2023,01/01/2020,06/24/2023
Iron County,Utah,UT,49021,Micropolitan,60519,69,06/28/2023,01/01/2020,06/24/2023
Juab County,Utah,UT,49023,Medium metro,12155,11,06/28/2023,01/01/2020,06/24/2023
Kane County,Utah,UT,49025,Noncore,7992,,06/28/2023,01/01/2020,06/24/2023
Millard County,Utah,UT,49027,Noncore,13164,13,06/28/2023,01/01/2020,06/24/2023
Morgan County,Utah,UT,49029,Medium metro,12657,,06/28/2023,01/01/2020,06/24/2023
Piute County,Utah,UT,49031,Noncore,1487,,06/28/2023,01/01/2020,06/24/2023
Salt Lake County,Utah,UT,49035,Large central metro,1186421,2405,06/28/2023,01/01/2020,06/24/2023
San Juan County,Utah,UT,49037,Noncore,14489,20,06/28/2023,01/01/2020,06/24/2023
Sanpete County,Utah,UT,49039,Noncore,29106,30,06/28/2023,01/01/2020,06/24/2023
Sevier County,Utah,UT,49041,Noncore,21906,21,06/28/2023,01/01/2020,06/24/2023
Summit County,Utah,UT,49043,Micropolitan,43093,12,06/28/2023,01/01/2020,06/24/2023
Tooele County,Utah,UT,49045,Large fringe metro,76640,70,06/28/2023,01/01/2020,06/24/2023
Uintah County,Utah,UT,49047,Micropolitan,36204,47,06/28/2023,01/01/2020,06/24/2023
Utah County,Utah,UT,49049,Medium metro,684986,1052,06/28/2023,01/01/2020,06/24/2023
Wasatch County,Utah,UT,49051,Micropolitan,36173,19,06/28/2023,01/01/2020,06/24/2023
Washington County,Utah,UT,49053,Small metro,191226,720,06/28/2023,01/01/2020,06/24/2023
Weber County,Utah,UT,49057,Medium metro,267066,612,06/28/2023,01/01/2020,06/24/2023
Addison County,Vermont,VT,50001,Noncore,37260,29,06/28/2023,01/01/2020,06/24/2023
Bennington County,Vermont,VT,50003,Micropolitan,37312,113,06/28/2023,01/01/2020,06/24/2023
Caledonia County,Vermont,VT,50005,Noncore,30403,41,06/28/2023,01/01/2020,06/24/2023
Chittenden County,Vermont,VT,50007,Small metro,168865,322,06/28/2023,01/01/2020,06/24/2023
Essex County,Vermont,VT,50009,Micropolitan,5925,,06/28/2023,01/01/2020,06/24/2023
Franklin County,Vermont,VT,50011,Small metro,50325,65,06/28/2023,01/01/2020,06/24/2023
Grand Isle County,Vermont,VT,50013,Small metro,7421,,06/28/2023,01/01/2020,06/24/2023
Lamoille County,Vermont,VT,50015,Noncore,26126,24,06/28/2023,01/01/2020,06/24/2023
Orange County,Vermont,VT,50017,Micropolitan,29541,19,06/28/2023,01/01/2020,06/24/2023
Orleans County,Vermont,VT,50019,Noncore,27546,36,06/28/2023,01/01/2020,06/24/2023
Rutland County,Vermont,VT,50021,Micropolitan,60591,97,06/28/2023,01/01/2020,06/24/2023
Washington County,Vermont,VT,50023,Micropolitan,59969,87,06/28/2023,01/01/2020,06/24/2023
Windham County,Vermont,VT,50025,Noncore,46090,40,06/28/2023,01/01/2020,06/24/2023
Windsor County,Vermont,VT,50027,Micropolitan,58196,63,06/28/2023,01/01/2020,06/24/2023
Accomack County,Virginia,VA,51001,Noncore,33246,101,06/28/2023,01/01/2020,06/24/2023
Albemarle County,Virginia,VA,51003,Small metro,113535,254,06/28/2023,01/01/2020,06/24/2023
Alexandria city,Virginia,VA,51510,Large central metro,154706,335,06/28/2023,01/01/2020,06/24/2023
Alleghany County,Virginia,VA,51005,Noncore,14986,100,06/28/2023,01/01/2020,06/24/2023
Amelia County,Virginia,VA,51007,Large fringe metro,13268,36,06/28/2023,01/01/2020,06/24/2023
Amherst County,Virginia,VA,51009,Medium metro,31273,32,06/28/2023,01/01/2020,06/24/2023
Appomattox County,Virginia,VA,51011,Medium metro,16353,24,06/28/2023,01/01/2020,06/24/2023
Arlington County,Virginia,VA,51013,Large central metro,232965,510,06/28/2023,01/01/2020,06/24/2023
Augusta County,Virginia,VA,51015,Small metro,77563,355,06/28/2023,01/01/2020,06/24/2023
Bath County,Virginia,VA,51017,Noncore,4114,16,06/28/2023,01/01/2020,06/24/2023
Bedford County,Virginia,VA,51019,Medium metro,80131,78,06/28/2023,01/01/2020,06/24/2023
Bland County,Virginia,VA,51021,Noncore,6173,17,06/28/2023,01/01/2020,06/24/2023
Botetourt County,Virginia,VA,51023,Medium metro,33866,30,06/28/2023,01/01/2020,06/24/2023
Bristol city,Virginia,VA,51520,Medium metro,17054,48,06/28/2023,01/01/2020,06/24/2023
Brunswick County,Virginia,VA,51025,Noncore,15940,16,06/28/2023,01/01/2020,06/24/2023
Buchanan County,Virginia,VA,51027,Noncore,19816,66,06/28/2023,01/01/2020,06/24/2023
Buckingham County,Virginia,VA,51029,Small metro,16947,21,06/28/2023,01/01/2020,06/24/2023
Buena Vista city,Virginia,VA,51530,Noncore,6601,24,06/28/2023,01/01/2020,06/24/2023
Campbell County,Virginia,VA,51031,Medium metro,55492,49,06/28/2023,01/01/2020,06/24/2023
Caroline County,Virginia,VA,51033,Large fringe metro,31332,36,06/28/2023,01/01/2020,06/24/2023
Carroll County,Virginia,VA,51035,Noncore,29048,67,06/28/2023,01/01/2020,06/24/2023
Charles City County,Virginia,VA,51036,Large fringe metro,6594,,06/28/2023,01/01/2020,06/24/2023
Charlotte County,Virginia,VA,51037,Noncore,11448,,06/28/2023,01/01/2020,06/24/2023
Charlottesville city,Virginia,VA,51540,Small metro,45672,375,06/28/2023,01/01/2020,06/24/2023
Chesapeake city,Virginia,VA,51550,Large fringe metro,251269,485,06/28/2023,01/01/2020,06/24/2023
Chesterfield County,Virginia,VA,51041,Large fringe metro,370688,704,06/28/2023,01/01/2020,06/24/2023
Clarke County,Virginia,VA,51043,Large fringe metro,14881,31,06/28/2023,01/01/2020,06/24/2023
Colonial Heights city,Virginia,VA,51570,Large fringe metro,18273,53,06/28/2023,01/01/2020,06/24/2023
Covington city,Virginia,VA,51580,Noncore,5717,,06/28/2023,01/01/2020,06/24/2023
Craig County,Virginia,VA,51045,Medium metro,4865,,06/28/2023,01/01/2020,06/24/2023
Culpeper County,Virginia,VA,51047,Large fringe metro,53596,164,06/28/2023,01/01/2020,06/24/2023
Cumberland County,Virginia,VA,51049,Noncore,9681,,06/28/2023,01/01/2020,06/24/2023
Danville city,Virginia,VA,51590,Micropolitan,42215,356,06/28/2023,01/01/2020,06/24/2023
Dickenson County,Virginia,VA,51051,Micropolitan,13787,27,06/28/2023,01/01/2020,06/24/2023
Dinwiddie County,Virginia,VA,51053,Large fringe metro,27912,,06/28/2023,01/01/2020,06/24/2023
Emporia city,Virginia,VA,51595,Noncore,5667,40,06/28/2023,01/01/2020,06/24/2023
Essex County,Virginia,VA,51057,Noncore,10573,42,06/28/2023,01/01/2020,06/24/2023
Fairfax County,Virginia,VA,51059,Large fringe metro,1139720,1644,06/28/2023,01/01/2020,06/24/2023
Fairfax city,Virginia,VA,51600,Large fringe metro,24276,52,06/28/2023,01/01/2020,06/24/2023
Falls Church city,Virginia,VA,51610,Large fringe metro,14493,13,06/28/2023,01/01/2020,06/24/2023
Fauquier County,Virginia,VA,51061,Large fringe metro,73815,106,06/28/2023,01/01/2020,06/24/2023
Floyd County,Virginia,VA,51063,Small metro,15566,22,06/28/2023,01/01/2020,06/24/2023
Fluvanna County,Virginia,VA,51065,Small metro,27723,19,06/28/2023,01/01/2020,06/24/2023
Franklin County,Virginia,VA,51067,Medium metro,54938,145,06/28/2023,01/01/2020,06/24/2023
Franklin city,Virginia,VA,51620,Noncore,8217,87,06/28/2023,01/01/2020,06/24/2023
Frederick County,Virginia,VA,51069,Small metro,93717,88,06/28/2023,01/01/2020,06/24/2023
Fredericksburg city,Virginia,VA,51630,Large fringe metro,28367,404,06/28/2023,01/01/2020,06/24/2023
Galax city,Virginia,VA,51640,Noncore,6660,125,06/28/2023,01/01/2020,06/24/2023
Giles County,Virginia,VA,51071,Small metro,16562,28,06/28/2023,01/01/2020,06/24/2023
Gloucester County,Virginia,VA,51073,Large fringe metro,39069,152,06/28/2023,01/01/2020,06/24/2023
Goochland County,Virginia,VA,51075,Large fringe metro,25488,,06/28/2023,01/01/2020,06/24/2023
Grayson County,Virginia,VA,51077,Noncore,15359,32,06/28/2023,01/01/2020,06/24/2023
Greene County,Virginia,VA,51079,Small metro,20968,29,06/28/2023,01/01/2020,06/24/2023
Greensville County,Virginia,VA,51081,Noncore,11437,10,06/28/2023,01/01/2020,06/24/2023
Halifax County,Virginia,VA,51083,Noncore,33738,191,06/28/2023,01/01/2020,06/24/2023
Hampton city,Virginia,VA,51650,Large fringe metro,137746,325,06/28/2023,01/01/2020,06/24/2023
Hanover County,Virginia,VA,51085,Large fringe metro,111603,531,06/28/2023,01/01/2020,06/24/2023
Harrisonburg city,Virginia,VA,51660,Small metro,51430,84,06/28/2023,01/01/2020,06/24/2023
Henrico County,Virginia,VA,51087,Large fringe metro,333554,1237,06/28/2023,01/01/2020,06/24/2023
Henry County,Virginia,VA,51089,Micropolitan,50248,74,06/28/2023,01/01/2020,06/24/2023
Highland County,Virginia,VA,51091,Noncore,2226,,06/28/2023,01/01/2020,06/24/2023
Hopewell city,Virginia,VA,51670,Large fringe metro,23140,193,06/28/2023,01/01/2020,06/24/2023
Isle of Wight County,Virginia,VA,51093,Large fringe metro,39278,47,06/28/2023,01/01/2020,06/24/2023
James City County,Virginia,VA,51095,Large fringe metro,79882,97,06/28/2023,01/01/2020,06/24/2023
King George County,Virginia,VA,51099,Noncore,27489,12,06/28/2023,01/01/2020,06/24/2023
King William County,Virginia,VA,51101,Large fringe metro,18171,11,06/28/2023,01/01/2020,06/24/2023
King and Queen County,Virginia,VA,51097,Noncore,6662,,06/28/2023,01/01/2020,06/24/2023
Lancaster County,Virginia,VA,51103,Noncore,10928,29,06/28/2023,01/01/2020,06/24/2023
Lee County,Virginia,VA,51105,Noncore,21983,50,06/28/2023,01/01/2020,06/24/2023
Lexington city,Virginia,VA,51678,Noncore,7456,50,06/28/2023,01/01/2020,06/24/2023
Loudoun County,Virginia,VA,51107,Large fringe metro,427592,449,06/28/2023,01/01/2020,06/24/2023
Louisa County,Virginia,VA,51109,Noncore,38848,33,06/28/2023,01/01/2020,06/24/2023
Lunenburg County,Virginia,VA,51111,Noncore,11926,,06/28/2023,01/01/2020,06/24/2023
Lynchburg city,Virginia,VA,51680,Medium metro,79009,916,06/28/2023,01/01/2020,06/24/2023
Madison County,Virginia,VA,51113,Noncore,13942,18,06/28/2023,01/01/2020,06/24/2023
Manassas Park city,Virginia,VA,51685,Large fringe metro,17002,,06/28/2023,01/01/2020,06/24/2023
Manassas city,Virginia,VA,51683,Large fringe metro,42708,300,06/28/2023,01/01/2020,06/24/2023
Martinsville city,Virginia,VA,51690,Micropolitan,13517,327,06/28/2023,01/01/2020,06/24/2023
Mathews County,Virginia,VA,51115,Large fringe metro,8546,11,06/28/2023,01/01/2020,06/24/2023
Mecklenburg County,Virginia,VA,51117,Noncore,30248,143,06/28/2023,01/01/2020,06/24/2023
Middlesex County,Virginia,VA,51119,Noncore,10781,24,06/28/2023,01/01/2020,06/24/2023
Montgomery County,Virginia,VA,51121,Small metro,98473,323,06/28/2023,01/01/2020,06/24/2023
Nelson County,Virginia,VA,51125,Small metro,14790,,06/28/2023,01/01/2020,06/24/2023
New Kent County,Virginia,VA,51127,Large fringe metro,23897,,06/28/2023,01/01/2020,06/24/2023
Newport News city,Virginia,VA,51700,Large fringe metro,184587,622,06/28/2023,01/01/2020,06/24/2023
Norfolk city,Virginia,VA,51710,Large central metro,235089,872,06/28/2023,01/01/2020,06/24/2023
Northampton County,Virginia,VA,51131,Noncore,12085,32,06/28/2023,01/01/2020,06/24/2023
Northumberland County,Virginia,VA,51133,Noncore,12029,,06/28/2023,01/01/2020,06/24/2023
Norton city,Virginia,VA,51720,Micropolitan,3666,74,06/28/2023,01/01/2020,06/24/2023
Nottoway County,Virginia,VA,51135,Noncore,15594,31,06/28/2023,01/01/2020,06/24/2023
Orange County,Virginia,VA,51137,Noncore,37188,32,06/28/2023,01/01/2020,06/24/2023
Page County,Virginia,VA,51139,Noncore,23807,86,06/28/2023,01/01/2020,06/24/2023
Patrick County,Virginia,VA,51141,Noncore,17602,59,06/28/2023,01/01/2020,06/24/2023
Petersburg city,Virginia,VA,51730,Large fringe metro,33429,391,06/28/2023,01/01/2020,06/24/2023
Pittsylvania County,Virginia,VA,51143,Micropolitan,59972,57,06/28/2023,01/01/2020,06/24/2023
Poquoson city,Virginia,VA,51735,Large fringe metro,12574,,06/28/2023,01/01/2020,06/24/2023
Portsmouth city,Virginia,VA,51740,Large fringe metro,97840,388,06/28/2023,01/01/2020,06/24/2023
Powhatan County,Virginia,VA,51145,Large fringe metro,31136,13,06/28/2023,01/01/2020,06/24/2023
Prince Edward County,Virginia,VA,51147,Noncore,21932,87,06/28/2023,01/01/2020,06/24/2023
Prince George County,Virginia,VA,51149,Large fringe metro,42880,,06/28/2023,01/01/2020,06/24/2023
Prince William County,Virginia,VA,51153,Large fringe metro,484472,516,06/28/2023,01/01/2020,06/24/2023
Pulaski County,Virginia,VA,51155,Small metro,33759,131,06/28/2023,01/01/2020,06/24/2023
Radford city,Virginia,VA,51750,Small metro,16499,19,06/28/2023,01/01/2020,06/24/2023
Rappahannock County,Virginia,VA,51157,Large fringe metro,7407,,06/28/2023,01/01/2020,06/24/2023
Richmond County,Virginia,VA,51159,Noncore,9017,14,06/28/2023,01/01/2020,06/24/2023
Richmond city,Virginia,VA,51760,Large central metro,226604,925,06/28/2023,01/01/2020,06/24/2023
Roanoke County,Virginia,VA,51161,Medium metro,96589,91,06/28/2023,01/01/2020,06/24/2023
Roanoke city,Virginia,VA,51770,Medium metro,98865,951,06/28/2023,01/01/2020,06/24/2023
Rockbridge County,Virginia,VA,51163,Noncore,22641,32,06/28/2023,01/01/2020,06/24/2023
Rockingham County,Virginia,VA,51165,Small metro,84394,416,06/28/2023,01/01/2020,06/24/2023
Russell County,Virginia,VA,51167,Noncore,25550,65,06/28/2023,01/01/2020,06/24/2023
Salem city,Virginia,VA,51775,Medium metro,25373,423,06/28/2023,01/01/2020,06/24/2023
Scott County,Virginia,VA,51169,Medium metro,21419,46,06/28/2023,01/01/2020,06/24/2023
Shenandoah County,Virginia,VA,51171,Noncore,44752,157,06/28/2023,01/01/2020,06/24/2023
Smyth County,Virginia,VA,51173,Noncore,29477,99,06/28/2023,01/01/2020,06/24/2023
Southampton County,Virginia,VA,51175,Noncore,18006,27,06/28/2023,01/01/2020,06/24/2023
Spotsylvania County,Virginia,VA,51177,Large fringe metro,143676,139,06/28/2023,01/01/2020,06/24/2023
Stafford County,Virginia,VA,51179,Large fringe metro,160877,70,06/28/2023,01/01/2020,06/24/2023
Staunton city,Virginia,VA,51790,Small metro,25661,41,06/28/2023,01/01/2020,06/24/2023
Suffolk city,Virginia,VA,51800,Large fringe metro,96194,471,06/28/2023,01/01/2020,06/24/2023
Surry County,Virginia,VA,51181,Noncore,6530,,06/28/2023,01/01/2020,06/24/2023
Sussex County,Virginia,VA,51183,Large fringe metro,10763,17,06/28/2023,01/01/2020,06/24/2023
Tazewell County,Virginia,VA,51185,Micropolitan,39925,212,06/28/2023,01/01/2020,06/24/2023
Virginia Beach city,Virginia,VA,51810,Large central metro,457672,775,06/28/2023,01/01/2020,06/24/2023
Warren County,Virginia,VA,51187,Large fringe metro,40925,120,06/28/2023,01/01/2020,06/24/2023
Washington County,Virginia,VA,51191,Medium metro,53635,281,06/28/2023,01/01/2020,06/24/2023
Waynesboro city,Virginia,VA,51820,Small metro,22550,23,06/28/2023,01/01/2020,06/24/2023
Westmoreland County,Virginia,VA,51193,Noncore,18731,16,06/28/2023,01/01/2020,06/24/2023
Williamsburg city,Virginia,VA,51830,Large fringe metro,15590,,06/28/2023,01/01/2020,06/24/2023
Winchester city,Virginia,VA,51840,Small metro,28136,669,06/28/2023,01/01/2020,06/24/2023
Wise County,Virginia,VA,51195,Micropolitan,35647,103,06/28/2023,01/01/2020,06/24/2023
Wythe County,Virginia,VA,51197,Noncore,28178,135,06/28/2023,01/01/2020,06/24/2023
York County,Virginia,VA,51199,Large fringe metro,70915,157,06/28/2023,01/01/2020,06/24/2023
Adams County,Washington,WA,53001,Micropolitan,20621,13,06/28/2023,01/01/2020,06/24/2023
Asotin County,Washington,WA,53003,Small metro,22397,67,06/28/2023,01/01/2020,06/24/2023
Benton County,Washington,WA,53005,Medium metro,210025,724,06/28/2023,01/01/2020,06/24/2023
Chelan County,Washington,WA,53007,Small metro,79646,333,06/28/2023,01/01/2020,06/24/2023
Clallam County,Washington,WA,53009,Micropolitan,78209,155,06/28/2023,01/01/2020,06/24/2023
Clark County,Washington,WA,53011,Large fringe metro,511404,1004,06/28/2023,01/01/2020,06/24/2023
Columbia County,Washington,WA,53013,Small metro,4042,11,06/28/2023,01/01/2020,06/24/2023
Cowlitz County,Washington,WA,53015,Small metro,111524,342,06/28/2023,01/01/2020,06/24/2023
Douglas County,Washington,WA,53017,Small metro,43696,26,06/28/2023,01/01/2020,06/24/2023
Ferry County,Washington,WA,53019,Noncore,7273,16,06/28/2023,01/01/2020,06/24/2023
Franklin County,Washington,WA,53021,Medium metro,98268,149,06/28/2023,01/01/2020,06/24/2023
Garfield County,Washington,WA,53023,Noncore,2346,,06/28/2023,01/01/2020,06/24/2023
Grant County,Washington,WA,53025,Micropolitan,100297,165,06/28/2023,01/01/2020,06/24/2023
Grays Harbor County,Washington,WA,53027,Micropolitan,76841,159,06/28/2023,01/01/2020,06/24/2023
Island County,Washington,WA,53029,Micropolitan,87432,97,06/28/2023,01/01/2020,06/24/2023
Jefferson County,Washington,WA,53031,Noncore,33605,23,06/28/2023,01/01/2020,06/24/2023
King County,Washington,WA,53033,Large central metro,2252305,3368,06/28/2023,01/01/2020,06/24/2023
Kitsap County,Washington,WA,53035,Medium metro,274314,377,06/28/2023,01/01/2020,06/24/2023
Kittitas County,Washington,WA,53037,Micropolitan,45499,67,06/28/2023,01/01/2020,06/24/2023
Klickitat County,Washington,WA,53039,Noncore,23118,23,06/28/2023,01/01/2020,06/24/2023
Lewis County,Washington,WA,53041,Micropolitan,84398,178,06/28/2023,01/01/2020,06/24/2023
Lincoln County,Washington,WA,53043,Noncore,11232,15,06/28/2023,01/01/2020,06/24/2023
Mason County,Washington,WA,53045,Micropolitan,67615,100,06/28/2023,01/01/2020,06/24/2023
Okanogan County,Washington,WA,53047,Noncore,42634,88,06/28/2023,01/01/2020,06/24/2023
Pacific County,Washington,WA,53049,Noncore,23948,39,06/28/2023,01/01/2020,06/24/2023
Pend Oreille County,Washington,WA,53051,Medium metro,13886,31,06/28/2023,01/01/2020,06/24/2023
Pierce County,Washington,WA,53053,Large fringe metro,925708,1904,06/28/2023,01/01/2020,06/24/2023
San Juan County,Washington,WA,53055,Noncore,18557,,06/28/2023,01/01/2020,06/24/2023
Skagit County,Washington,WA,53057,Small metro,130696,282,06/28/2023,01/01/2020,06/24/2023
Skamania County,Washington,WA,53059,Large fringe metro,12170,,06/28/2023,01/01/2020,06/24/2023
Snohomish County,Washington,WA,53061,Large fringe metro,833540,1052,06/28/2023,01/01/2020,06/24/2023
Spokane County,Washington,WA,53063,Medium metro,546040,1750,06/28/2023,01/01/2020,06/24/2023
Stevens County,Washington,WA,53065,Medium metro,47426,104,06/28/2023,01/01/2020,06/24/2023
Thurston County,Washington,WA,53067,Medium metro,297977,632,06/28/2023,01/01/2020,06/24/2023
Wahkiakum County,Washington,WA,53069,Noncore,4582,,06/28/2023,01/01/2020,06/24/2023
Walla Walla County,Washington,WA,53071,Small metro,62682,175,06/28/2023,01/01/2020,06/24/2023
Whatcom County,Washington,WA,53073,Small metro,228831,453,06/28/2023,01/01/2020,06/24/2023
Whitman County,Washington,WA,53075,Micropolitan,47873,72,06/28/2023,01/01/2020,06/24/2023
Yakima County,Washington,WA,53077,Small metro,256035,809,06/28/2023,01/01/2020,06/24/2023
Barbour County,West Virginia,WV,54001,Noncore,15468,24,06/28/2023,01/01/2020,06/24/2023
Berkeley County,West Virginia,WV,54003,Medium metro,126069,342,06/28/2023,01/01/2020,06/24/2023
Boone County,West Virginia,WV,54005,Small metro,21312,45,06/28/2023,01/01/2020,06/24/2023
Braxton County,West Virginia,WV,54007,Noncore,12247,36,06/28/2023,01/01/2020,06/24/2023
Brooke County,West Virginia,WV,54009,Small metro,22140,237,06/28/2023,01/01/2020,06/24/2023
Cabell County,West Virginia,WV,54011,Medium metro,93418,854,06/28/2023,01/01/2020,06/24/2023
Calhoun County,West Virginia,WV,54013,Noncore,6176,,06/28/2023,01/01/2020,06/24/2023
Clay County,West Virginia,WV,54015,Small metro,7892,24,06/28/2023,01/01/2020,06/24/2023
Doddridge County,West Virginia,WV,54017,Micropolitan,7735,,06/28/2023,01/01/2020,06/24/2023
Fayette County,West Virginia,WV,54019,Small metro,39927,117,06/28/2023,01/01/2020,06/24/2023
Gilmer County,West Virginia,WV,54021,Noncore,7377,,06/28/2023,01/01/2020,06/24/2023
Grant County,West Virginia,WV,54023,Noncore,10983,50,06/28/2023,01/01/2020,06/24/2023
Greenbrier County,West Virginia,WV,54025,Noncore,32608,192,06/28/2023,01/01/2020,06/24/2023
Hampshire County,West Virginia,WV,54027,Small metro,23302,39,06/28/2023,01/01/2020,06/24/2023
Hancock County,West Virginia,WV,54029,Small metro,28656,68,06/28/2023,01/01/2020,06/24/2023
Hardy County,West Virginia,WV,54031,Noncore,14160,15,06/28/2023,01/01/2020,06/24/2023
Harrison County,West Virginia,WV,54033,Micropolitan,65158,405,06/28/2023,01/01/2020,06/24/2023
Jackson County,West Virginia,WV,54035,Noncore,27738,71,06/28/2023,01/01/2020,06/24/2023
Jefferson County,West Virginia,WV,54037,Large fringe metro,58370,145,06/28/2023,01/01/2020,06/24/2023
Kanawha County,West Virginia,WV,54039,Small metro,177952,1195,06/28/2023,01/01/2020,06/24/2023
Lewis County,West Virginia,WV,54041,Noncore,16892,70,06/28/2023,01/01/2020,06/24/2023
Lincoln County,West Virginia,WV,54043,Medium metro,20126,17,06/28/2023,01/01/2020,06/24/2023
Logan County,West Virginia,WV,54045,Micropolitan,31909,181,06/28/2023,01/01/2020,06/24/2023
Marion County,West Virginia,WV,54049,Micropolitan,56001,66,06/28/2023,01/01/2020,06/24/2023
Marshall County,West Virginia,WV,54051,Small metro,30115,142,06/28/2023,01/01/2020,06/24/2023
Mason County,West Virginia,WV,54053,Micropolitan,25157,64,06/28/2023,01/01/2020,06/24/2023
McDowell County,West Virginia,WV,54047,Noncore,18363,48,06/28/2023,01/01/2020,06/24/2023
Mercer County,West Virginia,WV,54055,Micropolitan,59097,295,06/28/2023,01/01/2020,06/24/2023
Mineral County,West Virginia,WV,54057,Small metro,26857,96,06/28/2023,01/01/2020,06/24/2023
Mingo County,West Virginia,WV,54059,Noncore,23005,23,06/28/2023,01/01/2020,06/24/2023
Monongalia County,West Virginia,WV,54061,Small metro,106387,966,06/28/2023,01/01/2020,06/24/2023
Monroe County,West Virginia,WV,54063,Noncore,12332,10,06/28/2023,01/01/2020,06/24/2023
Morgan County,West Virginia,WV,54065,Noncore,17221,49,06/28/2023,01/01/2020,06/24/2023
Nicholas County,West Virginia,WV,54067,Noncore,24300,59,06/28/2023,01/01/2020,06/24/2023
Ohio County,West Virginia,WV,54069,Small metro,41776,493,06/28/2023,01/01/2020,06/24/2023
Pendleton County,West Virginia,WV,54071,Noncore,6142,14,06/28/2023,01/01/2020,06/24/2023
Pleasants County,West Virginia,WV,54073,Noncore,7601,14,06/28/2023,01/01/2020,06/24/2023
Pocahontas County,West Virginia,WV,54075,Noncore,7841,16,06/28/2023,01/01/2020,06/24/2023
Preston County,West Virginia,WV,54077,Small metro,34358,83,06/28/2023,01/01/2020,06/24/2023
Putnam County,West Virginia,WV,54079,Medium metro,57260,141,06/28/2023,01/01/2020,06/24/2023
Raleigh County,West Virginia,WV,54081,Small metro,73771,607,06/28/2023,01/01/2020,06/24/2023
Randolph County,West Virginia,WV,54083,Micropolitan,27806,136,06/28/2023,01/01/2020,06/24/2023
Ritchie County,West Virginia,WV,54085,Noncore,8383,10,06/28/2023,01/01/2020,06/24/2023
Roane County,West Virginia,WV,54087,Noncore,13898,27,06/28/2023,01/01/2020,06/24/2023
Summers County,West Virginia,WV,54089,Noncore,11908,19,06/28/2023,01/01/2020,06/24/2023
Taylor County,West Virginia,WV,54091,Micropolitan,16492,40,06/28/2023,01/01/2020,06/24/2023
Tucker County,West Virginia,WV,54093,Noncore,6672,20,06/28/2023,01/01/2020,06/24/2023
Tyler County,West Virginia,WV,54095,Noncore,8155,,06/28/2023,01/01/2020,06/24/2023
Upshur County,West Virginia,WV,54097,Noncore,23791,74,06/28/2023,01/01/2020,06/24/2023
Wayne County,West Virginia,WV,54099,Medium metro,38498,69,06/28/2023,01/01/2020,06/24/2023
Webster County,West Virginia,WV,54101,Noncore,8249,12,06/28/2023,01/01/2020,06/24/2023
Wetzel County,West Virginia,WV,54103,Noncore,14170,44,06/28/2023,01/01/2020,06/24/2023
Wirt County,West Virginia,WV,54105,Small metro,5063,,06/28/2023,01/01/2020,06/24/2023
Wood County,West Virginia,WV,54107,Small metro,83624,442,06/28/2023,01/01/2020,06/24/2023
Wyoming County,West Virginia,WV,54109,Noncore,21051,32,06/28/2023,01/01/2020,06/24/2023
Adams County,Wisconsin,WI,55001,Noncore,20875,21,06/28/2023,01/01/2020,06/24/2023
Ashland County,Wisconsin,WI,55003,Noncore,16107,49,06/28/2023,01/01/2020,06/24/2023
Barron County,Wisconsin,WI,55005,Noncore,46719,131,06/28/2023,01/01/2020,06/24/2023
Bayfield County,Wisconsin,WI,55007,Noncore,16320,15,06/28/2023,01/01/2020,06/24/2023
Brown County,Wisconsin,WI,55009,Medium metro,269591,975,06/28/2023,01/01/2020,06/24/2023
Buffalo County,Wisconsin,WI,55011,Noncore,13302,,06/28/2023,01/01/2020,06/24/2023
Burnett County,Wisconsin,WI,55013,Noncore,16744,27,06/28/2023,01/01/2020,06/24/2023
Calumet County,Wisconsin,WI,55015,Small metro,52539,52,06/28/2023,01/01/2020,06/24/2023
Chippewa County,Wisconsin,WI,55017,Small metro,66865,122,06/28/2023,01/01/2020,06/24/2023
Clark County,Wisconsin,WI,55019,Noncore,34746,58,06/28/2023,01/01/2020,06/24/2023
Columbia County,Wisconsin,WI,55021,Medium metro,58488,136,06/28/2023,01/01/2020,06/24/2023
Crawford County,Wisconsin,WI,55023,Noncore,16075,18,06/28/2023,01/01/2020,06/24/2023
Dane County,Wisconsin,WI,55025,Medium metro,563951,1130,06/28/2023,01/01/2020,06/24/2023
Dodge County,Wisconsin,WI,55027,Micropolitan,89313,333,06/28/2023,01/01/2020,06/24/2023
Door County,Wisconsin,WI,55029,Noncore,30369,69,06/28/2023,01/01/2020,06/24/2023
Douglas County,Wisconsin,WI,55031,Medium metro,44203,89,06/28/2023,01/01/2020,06/24/2023
Dunn County,Wisconsin,WI,55033,Micropolitan,45547,50,06/28/2023,01/01/2020,06/24/2023
Eau Claire County,Wisconsin,WI,55035,Small metro,106452,439,06/28/2023,01/01/2020,06/24/2023
Florence County,Wisconsin,WI,55037,Micropolitan,4593,,06/28/2023,01/01/2020,06/24/2023
Fond du Lac County,Wisconsin,WI,55039,Small metro,104362,332,06/28/2023,01/01/2020,06/24/2023
Forest County,Wisconsin,WI,55041,Noncore,9258,22,06/28/2023,01/01/2020,06/24/2023
Grant County,Wisconsin,WI,55043,Micropolitan,52110,102,06/28/2023,01/01/2020,06/24/2023
Green County,Wisconsin,WI,55045,Medium metro,36988,90,06/28/2023,01/01/2020,06/24/2023
Green Lake County,Wisconsin,WI,55047,Noncore,19229,56,06/28/2023,01/01/2020,06/24/2023
Iowa County,Wisconsin,WI,55049,Medium metro,23756,35,06/28/2023,01/01/2020,06/24/2023
Iron County,Wisconsin,WI,55051,Noncore,6178,39,06/28/2023,01/01/2020,06/24/2023
Jackson County,Wisconsin,WI,55053,Noncore,21121,25,06/28/2023,01/01/2020,06/24/2023
Jefferson County,Wisconsin,WI,55055,Micropolitan,84943,152,06/28/2023,01/01/2020,06/24/2023
Juneau County,Wisconsin,WI,55057,Noncore,26802,26,06/28/2023,01/01/2020,06/24/2023
Kenosha County,Wisconsin,WI,55059,Large fringe metro,168732,814,06/28/2023,01/01/2020,06/24/2023
Kewaunee County,Wisconsin,WI,55061,Medium metro,20543,25,06/28/2023,01/01/2020,06/24/2023
La Crosse County,Wisconsin,WI,55063,Small metro,120433,521,06/28/2023,01/01/2020,06/24/2023
Lafayette County,Wisconsin,WI,55065,Noncore,16784,21,06/28/2023,01/01/2020,06/24/2023
Langlade County,Wisconsin,WI,55067,Noncore,19502,87,06/28/2023,01/01/2020,06/24/2023
Lincoln County,Wisconsin,WI,55069,Micropolitan,28541,108,06/28/2023,01/01/2020,06/24/2023
Manitowoc County,Wisconsin,WI,55071,Micropolitan,81505,172,06/28/2023,01/01/2020,06/24/2023
Marathon County,Wisconsin,WI,55073,Small metro,137648,708,06/28/2023,01/01/2020,06/24/2023
Marinette County,Wisconsin,WI,55075,Micropolitan,41875,139,06/28/2023,01/01/2020,06/24/2023
Marquette County,Wisconsin,WI,55077,Noncore,15792,29,06/28/2023,01/01/2020,06/24/2023
Menominee County,Wisconsin,WI,55078,Micropolitan,4289,,06/28/2023,01/01/2020,06/24/2023
Milwaukee County,Wisconsin,WI,55079,Large central metro,928059,2788,06/28/2023,01/01/2020,06/24/2023
Monroe County,Wisconsin,WI,55081,Noncore,46193,86,06/28/2023,01/01/2020,06/24/2023
Oconto County,Wisconsin,WI,55083,Medium metro,39356,48,06/28/2023,01/01/2020,06/24/2023
Oneida County,Wisconsin,WI,55085,Noncore,38259,193,06/28/2023,01/01/2020,06/24/2023
Outagamie County,Wisconsin,WI,55087,Small metro,191545,678,06/28/2023,01/01/2020,06/24/2023
Ozaukee County,Wisconsin,WI,55089,Large fringe metro,92497,354,06/28/2023,01/01/2020,06/24/2023
Pepin County,Wisconsin,WI,55091,Noncore,7364,,06/28/2023,01/01/2020,06/24/2023
Pierce County,Wisconsin,WI,55093,Large fringe metro,42587,46,06/28/2023,01/01/2020,06/24/2023
Polk County,Wisconsin,WI,55095,Noncore,45431,118,06/28/2023,01/01/2020,06/24/2023
Portage County,Wisconsin,WI,55097,Micropolitan,70468,136,06/28/2023,01/01/2020,06/24/2023
Price County,Wisconsin,WI,55099,Noncore,14050,18,06/28/2023,01/01/2020,06/24/2023
Racine County,Wisconsin,WI,55101,Small metro,196896,633,06/28/2023,01/01/2020,06/24/2023
Richland County,Wisconsin,WI,55103,Noncore,17212,41,06/28/2023,01/01/2020,06/24/2023
Rock County,Wisconsin,WI,55105,Small metro,164381,469,06/28/2023,01/01/2020,06/24/2023
Rusk County,Wisconsin,WI,55107,Noncore,14123,37,06/28/2023,01/01/2020,06/24/2023
Sauk County,Wisconsin,WI,55111,Micropolitan,65697,154,06/28/2023,01/01/2020,06/24/2023
Sawyer County,Wisconsin,WI,55113,Noncore,18295,48,06/28/2023,01/01/2020,06/24/2023
Shawano County,Wisconsin,WI,55115,Micropolitan,40859,108,06/28/2023,01/01/2020,06/24/2023
Sheboygan County,Wisconsin,WI,55117,Small metro,117747,386,06/28/2023,01/01/2020,06/24/2023
St. Croix County,Wisconsin,WI,55109,Large fringe metro,95044,111,06/28/2023,01/01/2020,06/24/2023
Taylor County,Wisconsin,WI,55119,Noncore,19923,83,06/28/2023,01/01/2020,06/24/2023
Trempealeau County,Wisconsin,WI,55121,Noncore,30724,50,06/28/2023,01/01/2020,06/24/2023
Vernon County,Wisconsin,WI,55123,Noncore,30915,99,06/28/2023,01/01/2020,06/24/2023
Vilas County,Wisconsin,WI,55125,Noncore,23520,36,06/28/2023,01/01/2020,06/24/2023
Walworth County,Wisconsin,WI,55127,Micropolitan,106799,207,06/28/2023,01/01/2020,06/24/2023
Washburn County,Wisconsin,WI,55129,Noncore,16752,31,06/28/2023,01/01/2020,06/24/2023
Washington County,Wisconsin,WI,55131,Large fringe metro,137175,258,06/28/2023,01/01/2020,06/24/2023
Waukesha County,Wisconsin,WI,55133,Large fringe metro,408756,1302,06/28/2023,01/01/2020,06/24/2023
Waupaca County,Wisconsin,WI,55135,Noncore,51570,177,06/28/2023,01/01/2020,06/24/2023
Waushara County,Wisconsin,WI,55137,Noncore,24828,33,06/28/2023,01/01/2020,06/24/2023
Winnebago County,Wisconsin,WI,55139,Small metro,171623,497,06/28/2023,01/01/2020,06/24/2023
Wood County,Wisconsin,WI,55141,Micropolitan,74070,485,06/28/2023,01/01/2020,06/24/2023
Albany County,Wyoming,WY,56001,Micropolitan,37608,43,06/28/2023,01/01/2020,06/24/2023
Big Horn County,Wyoming,WY,56003,Noncore,11632,46,06/28/2023,01/01/2020,06/24/2023
Campbell County,Wyoming,WY,56005,Micropolitan,46401,146,06/28/2023,01/01/2020,06/24/2023
Carbon County,Wyoming,WY,56007,Noncore,14649,29,06/28/2023,01/01/2020,06/24/2023
Converse County,Wyoming,WY,56009,Noncore,13672,43,06/28/2023,01/01/2020,06/24/2023
Crook County,Wyoming,WY,56011,Noncore,7315,18,06/28/2023,01/01/2020,06/24/2023
Fremont County,Wyoming,WY,56013,Micropolitan,39336,111,06/28/2023,01/01/2020,06/24/2023
Goshen County,Wyoming,WY,56015,Noncore,12537,50,06/28/2023,01/01/2020,06/24/2023
Hot Springs County,Wyoming,WY,56017,Noncore,4597,18,06/28/2023,01/01/2020,06/24/2023
Johnson County,Wyoming,WY,56019,Noncore,8623,19,06/28/2023,01/01/2020,06/24/2023
Laramie County,Wyoming,WY,56021,Small metro,100863,363,06/28/2023,01/01/2020,06/24/2023
Lincoln County,Wyoming,WY,56023,Noncore,20153,20,06/28/2023,01/01/2020,06/24/2023
Natrona County,Wyoming,WY,56025,Small metro,79555,463,06/28/2023,01/01/2020,06/24/2023
Niobrara County,Wyoming,WY,56027,Noncore,2438,,06/28/2023,01/01/2020,06/24/2023
Park County,Wyoming,WY,56029,Noncore,30108,121,06/28/2023,01/01/2020,06/24/2023
Platte County,Wyoming,WY,56031,Noncore,8699,31,06/28/2023,01/01/2020,06/24/2023
Sheridan County,Wyoming,WY,56033,Micropolitan,31646,100,06/28/2023,01/01/2020,06/24/2023
Sublette County,Wyoming,WY,56035,Noncore,8697,11,06/28/2023,01/01/2020,06/24/2023
Sweetwater County,Wyoming,WY,56037,Micropolitan,41614,113,06/28/2023,01/01/2020,06/24/2023
Teton County,Wyoming,WY,56039,Micropolitan,23575,19,06/28/2023,01/01/2020,06/24/2023
Uinta County,Wyoming,WY,56041,Micropolitan,20635,23,06/28/2023,01/01/2020,06/24/2023
Washakie County,Wyoming,WY,56043,Noncore,7705,31,06/28/2023,01/01/2020,06/24/2023
Weston County,Wyoming,WY,56045,Noncore,6745,12,06/28/2023,01/01/2020,06/24/2023
